Exchange Date,Close,Net,%Chg,Open,Low,High,Volume,Turnover - USD,fiscalDateEnding,totalRevenue,totalOperatingExpense,costOfRevenue,grossProfit,ebit,netIncome,researchAndDevelopment,incomeBeforeTax,sellingGeneralAdministrative,operatingIncome,interestExpense,taxProvision,incomeTaxExpense,totalOtherIncomeExpense,netIncomeFromContinuingOperations,netIncomeApplicableToCommonShares,investments,changeInLiabilities,cashflowFromInvestment,cashflowFromFinancing,otherCashflowFromFinancing,changeInOperatingActivities,changeInCash,operatingCashflow,depreciation,dividendPayout,stockSaleAndPurchase,changeInInventory,changeInAccountReceivables,changeInNetIncome,capitalExpenditures,totalAssets,intangibleAssets,otherCurrentAssets,totalLiabilities,totalShareholderEquity,otherCurrentLiabilities,commonStock,retainedEarnings,otherLiabilities,goodwill,otherAssets,cash,totalCurrentLiabilities,shortTermDebt,currentLongTermDebt,otherShareholderEquity,propertyPlantEquipment,totalCurrentAssets,longTermInvestments,netTangibleAssets,shortTermInvestments,netReceivables,longTermDebt,inventory,accountsPayable,otherNonCurrrentAssets,totalNonCurrentAssets,totalLongTermDebt,otherNonCurrentLiabilities,totalNonCurrentLiabilities,cashAndShortTermInvestments,commonStockSharesOutstanding
2020-11-27,55.4,0.67,+1.224191%,55.28,55.01,58.18,"16,011,920","904,194,791.582700",2020-10-31,11929000000,8757000000,4348000000,7581000000,3244000000,2174000000,1612000000,2681000000,2761000000,3172000000,112000000,507000000,507000000,-553000000,2174000000,2174000000,-2710000000,28000000,-2710000000,-2373000000,35000000,-250000000,-987000000,4096000000,451000000,-1520000000,-889000000,-21000000,1526000000,272000000,171000000,95003000000,1581000000,2589000000,56846000000,38157000000,4636000000,38157000000,-2756000000,20291000000,34535000000,13486000000,10822000000,26991000000,5002000000,5002000000,-447000000,2412000000,42989000000,5516000000,2041000000,19190000000,3980000000,9564000000,1303000000,2294000000,3832000000,52014000000,9564000000,2303000000,29855000000,30012000000,4222000000
2020-11-20,54.73,2.76,+5.310756%,53.55,52.14,56.275,"21,159,837","1,156,079,546.713800",2020-10-31,11929000000,8757000000,4348000000,7581000000,3244000000,2174000000,1612000000,2681000000,2761000000,3172000000,112000000,507000000,507000000,-553000000,2174000000,2174000000,-2710000000,28000000,-2710000000,-2373000000,35000000,-250000000,-987000000,4096000000,451000000,-1520000000,-889000000,-21000000,1526000000,272000000,171000000,95003000000,1581000000,2589000000,56846000000,38157000000,4636000000,38157000000,-2756000000,20291000000,34535000000,13486000000,10822000000,26991000000,5002000000,5002000000,-447000000,2412000000,42989000000,5516000000,2041000000,19190000000,3980000000,9564000000,1303000000,2294000000,3832000000,52014000000,9564000000,2303000000,29855000000,30012000000,4222000000
2020-11-13,51.97,3.74,+7.754510%,51.59,50.2,54.18,"26,427,266","1,385,495,322.093300",2020-10-31,11929000000,8757000000,4348000000,7581000000,3244000000,2174000000,1612000000,2681000000,2761000000,3172000000,112000000,507000000,507000000,-553000000,2174000000,2174000000,-2710000000,28000000,-2710000000,-2373000000,35000000,-250000000,-987000000,4096000000,451000000,-1520000000,-889000000,-21000000,1526000000,272000000,171000000,95003000000,1581000000,2589000000,56846000000,38157000000,4636000000,38157000000,-2756000000,20291000000,34535000000,13486000000,10822000000,26991000000,5002000000,5002000000,-447000000,2412000000,42989000000,5516000000,2041000000,19190000000,3980000000,9564000000,1303000000,2294000000,3832000000,52014000000,9564000000,2303000000,29855000000,30012000000,4222000000
2020-11-06,48.23,2.74,+6.023302%,46.25,45.88,49.82,"18,826,100","904,114,183.646700",2020-10-31,11929000000,8757000000,4348000000,7581000000,3244000000,2174000000,1612000000,2681000000,2761000000,3172000000,112000000,507000000,507000000,-553000000,2174000000,2174000000,-2710000000,28000000,-2710000000,-2373000000,35000000,-250000000,-987000000,4096000000,451000000,-1520000000,-889000000,-21000000,1526000000,272000000,171000000,95003000000,1581000000,2589000000,56846000000,38157000000,4636000000,38157000000,-2756000000,20291000000,34535000000,13486000000,10822000000,26991000000,5002000000,5002000000,-447000000,2412000000,42989000000,5516000000,2041000000,19190000000,3980000000,9564000000,1303000000,2294000000,3832000000,52014000000,9564000000,2303000000,29855000000,30012000000,4222000000
2020-10-30,45.49,-3.04,-6.264166%,47.94,44.33,48.14,"23,790,765","1,093,719,310.782700",2020-07-31,12154000000,8780000000,4470000000,7684000000,3869000000,2636000000,1565000000,3306000000,2712000000,3374000000,119000000,670000000,670000000,-136000000,2636000000,2636000000,499000000,1495000000,499000000,-2859000000,54000000,-549000000,1442000000,3802000000,444000000,-1525000000,-208000000,-59000000,-881000000,338000000,208000000,94853000000,1576000000,2349000000,56933000000,37920000000,4741000000,37920000000,-2763000000,20024000000,33806000000,13445000000,11809000000,25331000000,3005000000,3005000000,-519000000,2453000000,43573000000,5714000000,2538000000,17610000000,5472000000,11578000000,1282000000,2218000000,3741000000,51280000000,11578000000,2147000000,31602000000,29419000000,4237000000
2020-10-23,48.53,-0.77,-1.561866%,49.33,47.15,50.33,"17,871,576","875,054,315.989000",2020-07-31,12154000000,8780000000,4470000000,7684000000,3869000000,2636000000,1565000000,3306000000,2712000000,3374000000,119000000,670000000,670000000,-136000000,2636000000,2636000000,499000000,1495000000,499000000,-2859000000,54000000,-549000000,1442000000,3802000000,444000000,-1525000000,-208000000,-59000000,-881000000,338000000,208000000,94853000000,1576000000,2349000000,56933000000,37920000000,4741000000,37920000000,-2763000000,20024000000,33806000000,13445000000,11809000000,25331000000,3005000000,3005000000,-519000000,2453000000,43573000000,5714000000,2538000000,17610000000,5472000000,11578000000,1282000000,2218000000,3741000000,51280000000,11578000000,2147000000,31602000000,29419000000,4237000000
2020-10-16,49.3,-0.06,-0.121556%,49.4,47.42,49.995,"20,710,290","1,006,687,395.628700",2020-07-31,12154000000,8780000000,4470000000,7684000000,3869000000,2636000000,1565000000,3306000000,2712000000,3374000000,119000000,670000000,670000000,-136000000,2636000000,2636000000,499000000,1495000000,499000000,-2859000000,54000000,-549000000,1442000000,3802000000,444000000,-1525000000,-208000000,-59000000,-881000000,338000000,208000000,94853000000,1576000000,2349000000,56933000000,37920000000,4741000000,37920000000,-2763000000,20024000000,33806000000,13445000000,11809000000,25331000000,3005000000,3005000000,-519000000,2453000000,43573000000,5714000000,2538000000,17610000000,5472000000,11578000000,1282000000,2218000000,3741000000,51280000000,11578000000,2147000000,31602000000,29419000000,4237000000
2020-10-09,49.36,2.05,+4.333122%,47.9,47.7,50.09,"20,329,758","991,996,531.074600",2020-07-31,12154000000,8780000000,4470000000,7684000000,3869000000,2636000000,1565000000,3306000000,2712000000,3374000000,119000000,670000000,670000000,-136000000,2636000000,2636000000,499000000,1495000000,499000000,-2859000000,54000000,-549000000,1442000000,3802000000,444000000,-1525000000,-208000000,-59000000,-881000000,338000000,208000000,94853000000,1576000000,2349000000,56933000000,37920000000,4741000000,37920000000,-2763000000,20024000000,33806000000,13445000000,11809000000,25331000000,3005000000,3005000000,-519000000,2453000000,43573000000,5714000000,2538000000,17610000000,5472000000,11578000000,1282000000,2218000000,3741000000,51280000000,11578000000,2147000000,31602000000,29419000000,4237000000
2020-10-02,47.31,1.27,+2.758471%,46.5,45.13,48.28,"19,340,425","910,105,937.416000",2020-07-31,12154000000,8780000000,4470000000,7684000000,3869000000,2636000000,1565000000,3306000000,2712000000,3374000000,119000000,670000000,670000000,-136000000,2636000000,2636000000,499000000,1495000000,499000000,-2859000000,54000000,-549000000,1442000000,3802000000,444000000,-1525000000,-208000000,-59000000,-881000000,338000000,208000000,94853000000,1576000000,2349000000,56933000000,37920000000,4741000000,37920000000,-2763000000,20024000000,33806000000,13445000000,11809000000,25331000000,3005000000,3005000000,-519000000,2453000000,43573000000,5714000000,2538000000,17610000000,5472000000,11578000000,1282000000,2218000000,3741000000,51280000000,11578000000,2147000000,31602000000,29419000000,4237000000
2020-09-25,46.04,-4.33,-8.596387%,49.04,45.63,49.33,"23,407,516","1,102,620,924.391400",2020-07-31,12154000000,8780000000,4470000000,7684000000,3869000000,2636000000,1565000000,3306000000,2712000000,3374000000,119000000,670000000,670000000,-136000000,2636000000,2636000000,499000000,1495000000,499000000,-2859000000,54000000,-549000000,1442000000,3802000000,444000000,-1525000000,-208000000,-59000000,-881000000,338000000,208000000,94853000000,1576000000,2349000000,56933000000,37920000000,4741000000,37920000000,-2763000000,20024000000,33806000000,13445000000,11809000000,25331000000,3005000000,3005000000,-519000000,2453000000,43573000000,5714000000,2538000000,17610000000,5472000000,11578000000,1282000000,2218000000,3741000000,51280000000,11578000000,2147000000,31602000000,29419000000,4237000000
2020-09-18,50.37,0.52,+1.043129%,50.07,48.85,51.5601,"27,460,020","1,386,574,527.943800",2020-07-31,12154000000,8780000000,4470000000,7684000000,3869000000,2636000000,1565000000,3306000000,2712000000,3374000000,119000000,670000000,670000000,-136000000,2636000000,2636000000,499000000,1495000000,499000000,-2859000000,54000000,-549000000,1442000000,3802000000,444000000,-1525000000,-208000000,-59000000,-881000000,338000000,208000000,94853000000,1576000000,2349000000,56933000000,37920000000,4741000000,37920000000,-2763000000,20024000000,33806000000,13445000000,11809000000,25331000000,3005000000,3005000000,-519000000,2453000000,43573000000,5714000000,2538000000,17610000000,5472000000,11578000000,1282000000,2218000000,3741000000,51280000000,11578000000,2147000000,31602000000,29419000000,4237000000
2020-09-11,49.85,1.25,+2.572016%,47.69,47.435,50.42,"18,886,063","927,948,617.789800",2020-07-31,12154000000,8780000000,4470000000,7684000000,3869000000,2636000000,1565000000,3306000000,2712000000,3374000000,119000000,670000000,670000000,-136000000,2636000000,2636000000,499000000,1495000000,499000000,-2859000000,54000000,-549000000,1442000000,3802000000,444000000,-1525000000,-208000000,-59000000,-881000000,338000000,208000000,94853000000,1576000000,2349000000,56933000000,37920000000,4741000000,37920000000,-2763000000,20024000000,33806000000,13445000000,11809000000,25331000000,3005000000,3005000000,-519000000,2453000000,43573000000,5714000000,2538000000,17610000000,5472000000,11578000000,1282000000,2218000000,3741000000,51280000000,11578000000,2147000000,31602000000,29419000000,4237000000
2020-09-04,48.6,2.55,+5.537459%,45.99,44.47,49.8,"28,704,565","1,371,043,612.097000",2020-07-31,12154000000,8780000000,4470000000,7684000000,3869000000,2636000000,1565000000,3306000000,2712000000,3374000000,119000000,670000000,670000000,-136000000,2636000000,2636000000,499000000,1495000000,499000000,-2859000000,54000000,-549000000,1442000000,3802000000,444000000,-1525000000,-208000000,-59000000,-881000000,338000000,208000000,94853000000,1576000000,2349000000,56933000000,37920000000,4741000000,37920000000,-2763000000,20024000000,33806000000,13445000000,11809000000,25331000000,3005000000,3005000000,-519000000,2453000000,43573000000,5714000000,2538000000,17610000000,5472000000,11578000000,1282000000,2218000000,3741000000,51280000000,11578000000,2147000000,31602000000,29419000000,4237000000
2020-08-28,46.05,2.46,+5.643496%,44.3,44.02,46.95,"20,200,934","926,884,398.624800",2020-07-31,12154000000,8780000000,4470000000,7684000000,3869000000,2636000000,1565000000,3306000000,2712000000,3374000000,119000000,670000000,670000000,-136000000,2636000000,2636000000,499000000,1495000000,499000000,-2859000000,54000000,-549000000,1442000000,3802000000,444000000,-1525000000,-208000000,-59000000,-881000000,338000000,208000000,94853000000,1576000000,2349000000,56933000000,37920000000,4741000000,37920000000,-2763000000,20024000000,33806000000,13445000000,11809000000,25331000000,3005000000,3005000000,-519000000,2453000000,43573000000,5714000000,2538000000,17610000000,5472000000,11578000000,1282000000,2218000000,3741000000,51280000000,11578000000,2147000000,31602000000,29419000000,4237000000
2020-08-21,43.59,-1.28,-2.852686%,45.1,43.25,45.44,"14,993,692","664,329,207.497800",2020-07-31,12154000000,8780000000,4470000000,7684000000,3869000000,2636000000,1565000000,3306000000,2712000000,3374000000,119000000,670000000,670000000,-136000000,2636000000,2636000000,499000000,1495000000,499000000,-2859000000,54000000,-549000000,1442000000,3802000000,444000000,-1525000000,-208000000,-59000000,-881000000,338000000,208000000,94853000000,1576000000,2349000000,56933000000,37920000000,4741000000,37920000000,-2763000000,20024000000,33806000000,13445000000,11809000000,25331000000,3005000000,3005000000,-519000000,2453000000,43573000000,5714000000,2538000000,17610000000,5472000000,11578000000,1282000000,2218000000,3741000000,51280000000,11578000000,2147000000,31602000000,29419000000,4237000000
2020-08-14,44.87,2.24,+5.254516%,42.81,42.81,46.07,"15,962,714","712,417,483.858800",2020-07-31,12154000000,8780000000,4470000000,7684000000,3869000000,2636000000,1565000000,3306000000,2712000000,3374000000,119000000,670000000,670000000,-136000000,2636000000,2636000000,499000000,1495000000,499000000,-2859000000,54000000,-549000000,1442000000,3802000000,444000000,-1525000000,-208000000,-59000000,-881000000,338000000,208000000,94853000000,1576000000,2349000000,56933000000,37920000000,4741000000,37920000000,-2763000000,20024000000,33806000000,13445000000,11809000000,25331000000,3005000000,3005000000,-519000000,2453000000,43573000000,5714000000,2538000000,17610000000,5472000000,11578000000,1282000000,2218000000,3741000000,51280000000,11578000000,2147000000,31602000000,29419000000,4237000000
2020-08-07,42.63,1.57,+3.823673%,41.22,39.9,42.665,"20,760,618","860,975,657.567100",2020-07-31,12154000000,8780000000,4470000000,7684000000,3869000000,2636000000,1565000000,3306000000,2712000000,3374000000,119000000,670000000,670000000,-136000000,2636000000,2636000000,499000000,1495000000,499000000,-2859000000,54000000,-549000000,1442000000,3802000000,444000000,-1525000000,-208000000,-59000000,-881000000,338000000,208000000,94853000000,1576000000,2349000000,56933000000,37920000000,4741000000,37920000000,-2763000000,20024000000,33806000000,13445000000,11809000000,25331000000,3005000000,3005000000,-519000000,2453000000,43573000000,5714000000,2538000000,17610000000,5472000000,11578000000,1282000000,2218000000,3741000000,51280000000,11578000000,2147000000,31602000000,29419000000,4237000000
2020-07-31,41.06,-1.55,-3.637644%,42.81,40.59,44.48,"22,898,408","969,330,490.932600",2020-07-31,12154000000,8780000000,4470000000,7684000000,3869000000,2636000000,1565000000,3306000000,2712000000,3374000000,119000000,670000000,670000000,-136000000,2636000000,2636000000,499000000,1495000000,499000000,-2859000000,54000000,-549000000,1442000000,3802000000,444000000,-1525000000,-208000000,-59000000,-881000000,338000000,208000000,94853000000,1576000000,2349000000,56933000000,37920000000,4741000000,37920000000,-2763000000,20024000000,33806000000,13445000000,11809000000,25331000000,3005000000,3005000000,-519000000,2453000000,43573000000,5714000000,2538000000,17610000000,5472000000,11578000000,1282000000,2218000000,3741000000,51280000000,11578000000,2147000000,31602000000,29419000000,4237000000
2020-07-24,42.61,-1.06,-2.427296%,43.34,41.88,44.5,"22,347,946","961,583,246.271400",2020-04-30,11983000000,4357000000,4212000000,7771000000,3574000000,2774000000,1546000000,3444000000,2649000000,3414000000,130000000,670000000,670000000,-186000000,2774000000,2774000000,236000000,547000000,236000000,-2602000000,9000000,-2000000,1871000000,4237000000,446000000,-1519000000,-1093000000,118000000,-310000000,357000000,171000000,91394000000,1744000000,2249000000,55686000000,35708000000,15051000000,40691000000,-3874000000,17517000000,33453000000,10001000000,10366000000,25937000000,4506000000,4506000000,-1109000000,2535000000,41307000000,4770000000,511000000,18208000000,9272000000,11578000000,1212000000,6380000000,3676000000,3909000000,11578000000,18171000000,29749000000,28574000000,4220000000
2020-07-17,43.67,2.91,+7.139352%,41.1,40.5,44.265,"20,100,440","862,670,171.622700",2020-04-30,11983000000,4357000000,4212000000,7771000000,3574000000,2774000000,1546000000,3444000000,2649000000,3414000000,130000000,670000000,670000000,-186000000,2774000000,2774000000,236000000,547000000,236000000,-2602000000,9000000,-2000000,1871000000,4237000000,446000000,-1519000000,-1093000000,118000000,-310000000,357000000,171000000,91394000000,1744000000,2249000000,55686000000,35708000000,15051000000,40691000000,-3874000000,17517000000,33453000000,10001000000,10366000000,25937000000,4506000000,4506000000,-1109000000,2535000000,41307000000,4770000000,511000000,18208000000,9272000000,11578000000,1212000000,6380000000,3676000000,3909000000,11578000000,18171000000,29749000000,28574000000,4220000000
2020-07-10,40.76,-0.83,-1.995672%,42.63,39.17,42.78,"20,718,676","848,327,422.841300",2020-04-30,11983000000,4357000000,4212000000,7771000000,3574000000,2774000000,1546000000,3444000000,2649000000,3414000000,130000000,670000000,670000000,-186000000,2774000000,2774000000,236000000,547000000,236000000,-2602000000,9000000,-2000000,1871000000,4237000000,446000000,-1519000000,-1093000000,118000000,-310000000,357000000,171000000,91394000000,1744000000,2249000000,55686000000,35708000000,15051000000,40691000000,-3874000000,17517000000,33453000000,10001000000,10366000000,25937000000,4506000000,4506000000,-1109000000,2535000000,41307000000,4770000000,511000000,18208000000,9272000000,11578000000,1212000000,6380000000,3676000000,3909000000,11578000000,18171000000,29749000000,28574000000,4220000000
2020-07-03,41.59,1.79,+4.497487%,40.36,39.76,42.25,"20,633,563","842,933,175.626500",2020-04-30,11983000000,4357000000,4212000000,7771000000,3574000000,2774000000,1546000000,3444000000,2649000000,3414000000,130000000,670000000,670000000,-186000000,2774000000,2774000000,236000000,547000000,236000000,-2602000000,9000000,-2000000,1871000000,4237000000,446000000,-1519000000,-1093000000,118000000,-310000000,357000000,171000000,91394000000,1744000000,2249000000,55686000000,35708000000,15051000000,40691000000,-3874000000,17517000000,33453000000,10001000000,10366000000,25937000000,4506000000,4506000000,-1109000000,2535000000,41307000000,4770000000,511000000,18208000000,9272000000,11578000000,1212000000,6380000000,3676000000,3909000000,11578000000,18171000000,29749000000,28574000000,4220000000
2020-06-26,39.8,-1.85,-4.441777%,41.46,37.68,42.48,"28,947,786","1,153,172,383.508100",2020-04-30,11983000000,4357000000,4212000000,7771000000,3574000000,2774000000,1546000000,3444000000,2649000000,3414000000,130000000,670000000,670000000,-186000000,2774000000,2774000000,236000000,547000000,236000000,-2602000000,9000000,-2000000,1871000000,4237000000,446000000,-1519000000,-1093000000,118000000,-310000000,357000000,171000000,91394000000,1744000000,2249000000,55686000000,35708000000,15051000000,40691000000,-3874000000,17517000000,33453000000,10001000000,10366000000,25937000000,4506000000,4506000000,-1109000000,2535000000,41307000000,4770000000,511000000,18208000000,9272000000,11578000000,1212000000,6380000000,3676000000,3909000000,11578000000,18171000000,29749000000,28574000000,4220000000
2020-06-19,41.65,0.42,+1.018676%,39.48,39.29,44.5,"26,388,689","1,105,097,053.596500",2020-04-30,11983000000,4357000000,4212000000,7771000000,3574000000,2774000000,1546000000,3444000000,2649000000,3414000000,130000000,670000000,670000000,-186000000,2774000000,2774000000,236000000,547000000,236000000,-2602000000,9000000,-2000000,1871000000,4237000000,446000000,-1519000000,-1093000000,118000000,-310000000,357000000,171000000,91394000000,1744000000,2249000000,55686000000,35708000000,15051000000,40691000000,-3874000000,17517000000,33453000000,10001000000,10366000000,25937000000,4506000000,4506000000,-1109000000,2535000000,41307000000,4770000000,511000000,18208000000,9272000000,11578000000,1212000000,6380000000,3676000000,3909000000,11578000000,18171000000,29749000000,28574000000,4220000000
2020-06-12,41.23,-2.74,-6.231521%,44.08,38.95,45.93,"29,790,455","1,268,839,167.166900",2020-04-30,11983000000,4357000000,4212000000,7771000000,3574000000,2774000000,1546000000,3444000000,2649000000,3414000000,130000000,670000000,670000000,-186000000,2774000000,2774000000,236000000,547000000,236000000,-2602000000,9000000,-2000000,1871000000,4237000000,446000000,-1519000000,-1093000000,118000000,-310000000,357000000,171000000,91394000000,1744000000,2249000000,55686000000,35708000000,15051000000,40691000000,-3874000000,17517000000,33453000000,10001000000,10366000000,25937000000,4506000000,4506000000,-1109000000,2535000000,41307000000,4770000000,511000000,18208000000,9272000000,11578000000,1212000000,6380000000,3676000000,3909000000,11578000000,18171000000,29749000000,28574000000,4220000000
2020-06-05,43.97,5.37,+13.911917%,38.61,38.18,45.73,"25,816,491","1,084,163,972.076500",2020-04-30,11983000000,4357000000,4212000000,7771000000,3574000000,2774000000,1546000000,3444000000,2649000000,3414000000,130000000,670000000,670000000,-186000000,2774000000,2774000000,236000000,547000000,236000000,-2602000000,9000000,-2000000,1871000000,4237000000,446000000,-1519000000,-1093000000,118000000,-310000000,357000000,171000000,91394000000,1744000000,2249000000,55686000000,35708000000,15051000000,40691000000,-3874000000,17517000000,33453000000,10001000000,10366000000,25937000000,4506000000,4506000000,-1109000000,2535000000,41307000000,4770000000,511000000,18208000000,9272000000,11578000000,1212000000,6380000000,3676000000,3909000000,11578000000,18171000000,29749000000,28574000000,4220000000
2020-05-29,38.6,2.48,+6.866002%,38.36,37.72,40.665,"23,609,053","919,029,140.198200",2020-04-30,11983000000,4357000000,4212000000,7771000000,3574000000,2774000000,1546000000,3444000000,2649000000,3414000000,130000000,670000000,670000000,-186000000,2774000000,2774000000,236000000,547000000,236000000,-2602000000,9000000,-2000000,1871000000,4237000000,446000000,-1519000000,-1093000000,118000000,-310000000,357000000,171000000,91394000000,1744000000,2249000000,55686000000,35708000000,15051000000,40691000000,-3874000000,17517000000,33453000000,10001000000,10366000000,25937000000,4506000000,4506000000,-1109000000,2535000000,41307000000,4770000000,511000000,18208000000,9272000000,11578000000,1212000000,6380000000,3676000000,3909000000,11578000000,18171000000,29749000000,28574000000,4220000000
2020-05-22,36.12,2.56,+7.628129%,35.88,35.37,38.01,"25,600,811","930,897,084.970100",2020-04-30,11983000000,4357000000,4212000000,7771000000,3574000000,2774000000,1546000000,3444000000,2649000000,3414000000,130000000,670000000,670000000,-186000000,2774000000,2774000000,236000000,547000000,236000000,-2602000000,9000000,-2000000,1871000000,4237000000,446000000,-1519000000,-1093000000,118000000,-310000000,357000000,171000000,91394000000,1744000000,2249000000,55686000000,35708000000,15051000000,40691000000,-3874000000,17517000000,33453000000,10001000000,10366000000,25937000000,4506000000,4506000000,-1109000000,2535000000,41307000000,4770000000,511000000,18208000000,9272000000,11578000000,1212000000,6380000000,3676000000,3909000000,11578000000,18171000000,29749000000,28574000000,4220000000
2020-05-15,33.56,-0.77,-2.242936%,34.2,30.9,35.41,"26,878,878","896,289,817.077300",2020-04-30,11983000000,4357000000,4212000000,7771000000,3574000000,2774000000,1546000000,3444000000,2649000000,3414000000,130000000,670000000,670000000,-186000000,2774000000,2774000000,236000000,547000000,236000000,-2602000000,9000000,-2000000,1871000000,4237000000,446000000,-1519000000,-1093000000,118000000,-310000000,357000000,171000000,91394000000,1744000000,2249000000,55686000000,35708000000,15051000000,40691000000,-3874000000,17517000000,33453000000,10001000000,10366000000,25937000000,4506000000,4506000000,-1109000000,2535000000,41307000000,4770000000,511000000,18208000000,9272000000,11578000000,1212000000,6380000000,3676000000,3909000000,11578000000,18171000000,29749000000,28574000000,4220000000
2020-05-08,34.33,0.4,+1.178898%,32.1,31.76,34.55,"25,274,405","837,827,253.205000",2020-04-30,11983000000,4357000000,4212000000,7771000000,3574000000,2774000000,1546000000,3444000000,2649000000,3414000000,130000000,670000000,670000000,-186000000,2774000000,2774000000,236000000,547000000,236000000,-2602000000,9000000,-2000000,1871000000,4237000000,446000000,-1519000000,-1093000000,118000000,-310000000,357000000,171000000,91394000000,1744000000,2249000000,55686000000,35708000000,15051000000,40691000000,-3874000000,17517000000,33453000000,10001000000,10366000000,25937000000,4506000000,4506000000,-1109000000,2535000000,41307000000,4770000000,511000000,18208000000,9272000000,11578000000,1212000000,6380000000,3676000000,3909000000,11578000000,18171000000,29749000000,28574000000,4220000000
2020-05-01,33.93,0.81,+2.445652%,33.31,32.8099,38.09,"37,341,338","1,333,283,155.568100",2020-04-30,11983000000,4357000000,4212000000,7771000000,3574000000,2774000000,1546000000,3444000000,2649000000,3414000000,130000000,670000000,670000000,-186000000,2774000000,2774000000,236000000,547000000,236000000,-2602000000,9000000,-2000000,1871000000,4237000000,446000000,-1519000000,-1093000000,118000000,-310000000,357000000,171000000,91394000000,1744000000,2249000000,55686000000,35708000000,15051000000,40691000000,-3874000000,17517000000,33453000000,10001000000,10366000000,25937000000,4506000000,4506000000,-1109000000,2535000000,41307000000,4770000000,511000000,18208000000,9272000000,11578000000,1212000000,6380000000,3676000000,3909000000,11578000000,18171000000,29749000000,28574000000,4220000000
2020-04-24,33.12,-0.3,-0.897666%,32.18,29.62,33.35,"32,498,073","1,037,357,355.478000",2020-01-31,12005000000,4384000000,4241000000,7764000000,3692000000,2878000000,1570000000,3534000000,2734000000,3380000000,158000000,656000000,656000000,28000000,2878000000,2878000000,843000000,-3000000,843000000,-4757000000,4000000,312000000,-114000000,3800000000,457000000,-1486000000,-1107000000,-9000000,569000000,273000000,189000000,90426000000,1906000000,2481000000,54893000000,35533000000,15145000000,40617000000,-4384000000,17613000000,33612000000,9729000000,8475000000,22088000000,1499000000,1499000000,-700000000,2621000000,40053000000,4757000000,15000000,18587000000,9157000000,14494000000,1353000000,5444000000,3581000000,3896000000,14494000000,18311000000,32805000000,27062000000,4241000000
2020-04-17,33.42,-3.14,-8.588621%,36.47,30.65,37.14,"35,568,596","1,197,768,463.883800",2020-01-31,12005000000,4384000000,4241000000,7764000000,3692000000,2878000000,1570000000,3534000000,2734000000,3380000000,158000000,656000000,656000000,28000000,2878000000,2878000000,843000000,-3000000,843000000,-4757000000,4000000,312000000,-114000000,3800000000,457000000,-1486000000,-1107000000,-9000000,569000000,273000000,189000000,90426000000,1906000000,2481000000,54893000000,35533000000,15145000000,40617000000,-4384000000,17613000000,33612000000,9729000000,8475000000,22088000000,1499000000,1499000000,-700000000,2621000000,40053000000,4757000000,15000000,18587000000,9157000000,14494000000,1353000000,5444000000,3581000000,3896000000,14494000000,18311000000,32805000000,27062000000,4241000000
2020-04-10,36.56,8.59,+30.711477%,29.53,29.5,37.74,"40,162,113","1,354,262,398.363500",2020-01-31,12005000000,4384000000,4241000000,7764000000,3692000000,2878000000,1570000000,3534000000,2734000000,3380000000,158000000,656000000,656000000,28000000,2878000000,2878000000,843000000,-3000000,843000000,-4757000000,4000000,312000000,-114000000,3800000000,457000000,-1486000000,-1107000000,-9000000,569000000,273000000,189000000,90426000000,1906000000,2481000000,54893000000,35533000000,15145000000,40617000000,-4384000000,17613000000,33612000000,9729000000,8475000000,22088000000,1499000000,1499000000,-700000000,2621000000,40053000000,4757000000,15000000,18587000000,9157000000,14494000000,1353000000,5444000000,3581000000,3896000000,14494000000,18311000000,32805000000,27062000000,4241000000
2020-04-03,27.97,-0.59,-2.065826%,28.31,26.9252,30.08,"43,445,726","1,228,601,586.621900",2020-01-31,12005000000,4384000000,4241000000,7764000000,3692000000,2878000000,1570000000,3534000000,2734000000,3380000000,158000000,656000000,656000000,28000000,2878000000,2878000000,843000000,-3000000,843000000,-4757000000,4000000,312000000,-114000000,3800000000,457000000,-1486000000,-1107000000,-9000000,569000000,273000000,189000000,90426000000,1906000000,2481000000,54893000000,35533000000,15145000000,40617000000,-4384000000,17613000000,33612000000,9729000000,8475000000,22088000000,1499000000,1499000000,-700000000,2621000000,40053000000,4757000000,15000000,18587000000,9157000000,14494000000,1353000000,5444000000,3581000000,3896000000,14494000000,18311000000,32805000000,27062000000,4241000000
2020-03-27,28.56,1.12,+4.081633%,27.14,26.01,32.425,"57,979,612","1,671,013,408.964600",2020-01-31,12005000000,4384000000,4241000000,7764000000,3692000000,2878000000,1570000000,3534000000,2734000000,3380000000,158000000,656000000,656000000,28000000,2878000000,2878000000,843000000,-3000000,843000000,-4757000000,4000000,312000000,-114000000,3800000000,457000000,-1486000000,-1107000000,-9000000,569000000,273000000,189000000,90426000000,1906000000,2481000000,54893000000,35533000000,15145000000,40617000000,-4384000000,17613000000,33612000000,9729000000,8475000000,22088000000,1499000000,1499000000,-700000000,2621000000,40053000000,4757000000,15000000,18587000000,9157000000,14494000000,1353000000,5444000000,3581000000,3896000000,14494000000,18311000000,32805000000,27062000000,4241000000
2020-03-20,27.44,1.75,+6.811989%,23.1,21.95,31.35,"75,717,080","1,980,453,595.152300",2020-01-31,12005000000,4384000000,4241000000,7764000000,3692000000,2878000000,1570000000,3534000000,2734000000,3380000000,158000000,656000000,656000000,28000000,2878000000,2878000000,843000000,-3000000,843000000,-4757000000,4000000,312000000,-114000000,3800000000,457000000,-1486000000,-1107000000,-9000000,569000000,273000000,189000000,90426000000,1906000000,2481000000,54893000000,35533000000,15145000000,40617000000,-4384000000,17613000000,33612000000,9729000000,8475000000,22088000000,1499000000,1499000000,-700000000,2621000000,40053000000,4757000000,15000000,18587000000,9157000000,14494000000,1353000000,5444000000,3581000000,3896000000,14494000000,18311000000,32805000000,27062000000,4241000000
2020-03-13,25.69,-13.28,-34.077496%,34.75,22.39,34.94,"76,030,493","2,095,682,322.439300",2020-01-31,12005000000,4384000000,4241000000,7764000000,3692000000,2878000000,1570000000,3534000000,2734000000,3380000000,158000000,656000000,656000000,28000000,2878000000,2878000000,843000000,-3000000,843000000,-4757000000,4000000,312000000,-114000000,3800000000,457000000,-1486000000,-1107000000,-9000000,569000000,273000000,189000000,90426000000,1906000000,2481000000,54893000000,35533000000,15145000000,40617000000,-4384000000,17613000000,33612000000,9729000000,8475000000,22088000000,1499000000,1499000000,-700000000,2621000000,40053000000,4757000000,15000000,18587000000,9157000000,14494000000,1353000000,5444000000,3581000000,3896000000,14494000000,18311000000,32805000000,27062000000,4241000000
2020-03-06,38.97,-1.44,-3.563474%,41.05,38.31,42.7439,"31,814,942","1,280,533,737.396500",2020-01-31,12005000000,4384000000,4241000000,7764000000,3692000000,2878000000,1570000000,3534000000,2734000000,3380000000,158000000,656000000,656000000,28000000,2878000000,2878000000,843000000,-3000000,843000000,-4757000000,4000000,312000000,-114000000,3800000000,457000000,-1486000000,-1107000000,-9000000,569000000,273000000,189000000,90426000000,1906000000,2481000000,54893000000,35533000000,15145000000,40617000000,-4384000000,17613000000,33612000000,9729000000,8475000000,22088000000,1499000000,1499000000,-700000000,2621000000,40053000000,4757000000,15000000,18587000000,9157000000,14494000000,1353000000,5444000000,3581000000,3896000000,14494000000,18311000000,32805000000,27062000000,4241000000
2020-02-28,40.41,-7.89,-16.335404%,46.61,38.05,47.04,"37,368,200","1,573,260,407.309500",2020-01-31,12005000000,4384000000,4241000000,7764000000,3692000000,2878000000,1570000000,3534000000,2734000000,3380000000,158000000,656000000,656000000,28000000,2878000000,2878000000,843000000,-3000000,843000000,-4757000000,4000000,312000000,-114000000,3800000000,457000000,-1486000000,-1107000000,-9000000,569000000,273000000,189000000,90426000000,1906000000,2481000000,54893000000,35533000000,15145000000,40617000000,-4384000000,17613000000,33612000000,9729000000,8475000000,22088000000,1499000000,1499000000,-700000000,2621000000,40053000000,4757000000,15000000,18587000000,9157000000,14494000000,1353000000,5444000000,3581000000,3896000000,14494000000,18311000000,32805000000,27062000000,4241000000
2020-02-21,48.3,-0.33,-0.678593%,48.19,47.2289,48.81,"17,366,889","834,039,485.004100",2020-01-31,12005000000,4384000000,4241000000,7764000000,3692000000,2878000000,1570000000,3534000000,2734000000,3380000000,158000000,656000000,656000000,28000000,2878000000,2878000000,843000000,-3000000,843000000,-4757000000,4000000,312000000,-114000000,3800000000,457000000,-1486000000,-1107000000,-9000000,569000000,273000000,189000000,90426000000,1906000000,2481000000,54893000000,35533000000,15145000000,40617000000,-4384000000,17613000000,33612000000,9729000000,8475000000,22088000000,1499000000,1499000000,-700000000,2621000000,40053000000,4757000000,15000000,18587000000,9157000000,14494000000,1353000000,5444000000,3581000000,3896000000,14494000000,18311000000,32805000000,27062000000,4241000000
2020-02-14,48.63,0.6,+1.249219%,47.8,47.8,50.37,"15,667,645","765,009,740.769600",2020-01-31,12005000000,4384000000,4241000000,7764000000,3692000000,2878000000,1570000000,3534000000,2734000000,3380000000,158000000,656000000,656000000,28000000,2878000000,2878000000,843000000,-3000000,843000000,-4757000000,4000000,312000000,-114000000,3800000000,457000000,-1486000000,-1107000000,-9000000,569000000,273000000,189000000,90426000000,1906000000,2481000000,54893000000,35533000000,15145000000,40617000000,-4384000000,17613000000,33612000000,9729000000,8475000000,22088000000,1499000000,1499000000,-700000000,2621000000,40053000000,4757000000,15000000,18587000000,9157000000,14494000000,1353000000,5444000000,3581000000,3896000000,14494000000,18311000000,32805000000,27062000000,4241000000
2020-02-07,48.03,1.96,+4.254395%,46.31,45.73,49.74,"26,844,083","1,292,630,922.186600",2020-01-31,12005000000,4384000000,4241000000,7764000000,3692000000,2878000000,1570000000,3534000000,2734000000,3380000000,158000000,656000000,656000000,28000000,2878000000,2878000000,843000000,-3000000,843000000,-4757000000,4000000,312000000,-114000000,3800000000,457000000,-1486000000,-1107000000,-9000000,569000000,273000000,189000000,90426000000,1906000000,2481000000,54893000000,35533000000,15145000000,40617000000,-4384000000,17613000000,33612000000,9729000000,8475000000,22088000000,1499000000,1499000000,-700000000,2621000000,40053000000,4757000000,15000000,18587000000,9157000000,14494000000,1353000000,5444000000,3581000000,3896000000,14494000000,18311000000,32805000000,27062000000,4241000000
2020-01-31,46.07,-2.42,-4.990720%,47.31,45.92,49.95,"30,646,274","1,462,076,779.299200",2020-01-31,12005000000,4384000000,4241000000,7764000000,3692000000,2878000000,1570000000,3534000000,2734000000,3380000000,158000000,656000000,656000000,28000000,2878000000,2878000000,843000000,-3000000,843000000,-4757000000,4000000,312000000,-114000000,3800000000,457000000,-1486000000,-1107000000,-9000000,569000000,273000000,189000000,90426000000,1906000000,2481000000,54893000000,35533000000,15145000000,40617000000,-4384000000,17613000000,33612000000,9729000000,8475000000,22088000000,1499000000,1499000000,-700000000,2621000000,40053000000,4757000000,15000000,18587000000,9157000000,14494000000,1353000000,5444000000,3581000000,3896000000,14494000000,18311000000,32805000000,27062000000,4241000000
2020-01-24,48.49,-4.85,-9.092613%,52.98,48.04,53.15,"21,022,870","1,062,138,590.102300",2019-10-31,13159000000,9396000000,4695000000,8464000000,4325000000,2926000000,1666000000,3686000000,2999000000,3763000000,178000000,760000000,760000000,-172000000,2926000000,2926000000,1922000000,113000000,1922000000,-8668000000,-16000000,-650000000,-3159000000,3587000000,461000000,-1486000000,-978000000,34000000,515000000,518000000,202000000,92492000000,2107000000,2433000000,58069000000,34423000000,4406000000,40321000000,-5083000000,18195000000,33578000000,10011000000,8587000000,24597000000,4000000000,4000000000,-815000000,3769000000,41716000000,1311000000,-1262000000,19448000000,4878000000,14497000000,1344000000,2016000000,3628000000,50776000000,14497000000,2100000000,33472000000,28035000000,4273000000
2020-01-17,53.34,1.84,+3.572816%,51.5,51.47,53.36,"16,254,512","852,980,043.459800",2019-10-31,13159000000,9396000000,4695000000,8464000000,4325000000,2926000000,1666000000,3686000000,2999000000,3763000000,178000000,760000000,760000000,-172000000,2926000000,2926000000,1922000000,113000000,1922000000,-8668000000,-16000000,-650000000,-3159000000,3587000000,461000000,-1486000000,-978000000,34000000,515000000,518000000,202000000,92492000000,2107000000,2433000000,58069000000,34423000000,4406000000,40321000000,-5083000000,18195000000,33578000000,10011000000,8587000000,24597000000,4000000000,4000000000,-815000000,3769000000,41716000000,1311000000,-1262000000,19448000000,4878000000,14497000000,1344000000,2016000000,3628000000,50776000000,14497000000,2100000000,33472000000,28035000000,4273000000
2020-01-10,51.5,-0.92,-1.755055%,52.32,51.4,53.17,"18,998,676","994,009,961.963700",2019-10-31,13159000000,9396000000,4695000000,8464000000,4325000000,2926000000,1666000000,3686000000,2999000000,3763000000,178000000,760000000,760000000,-172000000,2926000000,2926000000,1922000000,113000000,1922000000,-8668000000,-16000000,-650000000,-3159000000,3587000000,461000000,-1486000000,-978000000,34000000,515000000,518000000,202000000,92492000000,2107000000,2433000000,58069000000,34423000000,4406000000,40321000000,-5083000000,18195000000,33578000000,10011000000,8587000000,24597000000,4000000000,4000000000,-815000000,3769000000,41716000000,1311000000,-1262000000,19448000000,4878000000,14497000000,1344000000,2016000000,3628000000,50776000000,14497000000,2100000000,33472000000,28035000000,4273000000
2020-01-03,52.42,-2.41,-4.395404%,54.86,52.41,55.54,"14,239,827","764,843,175.838600",2019-10-31,13159000000,9396000000,4695000000,8464000000,4325000000,2926000000,1666000000,3686000000,2999000000,3763000000,178000000,760000000,760000000,-172000000,2926000000,2926000000,1922000000,113000000,1922000000,-8668000000,-16000000,-650000000,-3159000000,3587000000,461000000,-1486000000,-978000000,34000000,515000000,518000000,202000000,92492000000,2107000000,2433000000,58069000000,34423000000,4406000000,40321000000,-5083000000,18195000000,33578000000,10011000000,8587000000,24597000000,4000000000,4000000000,-815000000,3769000000,41716000000,1311000000,-1262000000,19448000000,4878000000,14497000000,1344000000,2016000000,3628000000,50776000000,14497000000,2100000000,33472000000,28035000000,4273000000
2019-12-27,54.83,0.22,+0.402857%,54.49,54.22,55.55,"7,203,902","395,874,141.084000",2019-10-31,13159000000,9396000000,4695000000,8464000000,4325000000,2926000000,1666000000,3686000000,2999000000,3763000000,178000000,760000000,760000000,-172000000,2926000000,2926000000,1922000000,113000000,1922000000,-8668000000,-16000000,-650000000,-3159000000,3587000000,461000000,-1486000000,-978000000,34000000,515000000,518000000,202000000,92492000000,2107000000,2433000000,58069000000,34423000000,4406000000,40321000000,-5083000000,18195000000,33578000000,10011000000,8587000000,24597000000,4000000000,4000000000,-815000000,3769000000,41716000000,1311000000,-1262000000,19448000000,4878000000,14497000000,1344000000,2016000000,3628000000,50776000000,14497000000,2100000000,33472000000,28035000000,4273000000
2019-12-20,54.61,1.33,+2.496246%,53.61,53.51,55.25,"24,199,470","1,318,279,617.951800",2019-10-31,13159000000,9396000000,4695000000,8464000000,4325000000,2926000000,1666000000,3686000000,2999000000,3763000000,178000000,760000000,760000000,-172000000,2926000000,2926000000,1922000000,113000000,1922000000,-8668000000,-16000000,-650000000,-3159000000,3587000000,461000000,-1486000000,-978000000,34000000,515000000,518000000,202000000,92492000000,2107000000,2433000000,58069000000,34423000000,4406000000,40321000000,-5083000000,18195000000,33578000000,10011000000,8587000000,24597000000,4000000000,4000000000,-815000000,3769000000,41716000000,1311000000,-1262000000,19448000000,4878000000,14497000000,1344000000,2016000000,3628000000,50776000000,14497000000,2100000000,33472000000,28035000000,4273000000
2019-12-13,53.28,0.06,+0.112740%,53.96,52.69,54.82,"14,334,996","766,947,143.723200",2019-10-31,13159000000,9396000000,4695000000,8464000000,4325000000,2926000000,1666000000,3686000000,2999000000,3763000000,178000000,760000000,760000000,-172000000,2926000000,2926000000,1922000000,113000000,1922000000,-8668000000,-16000000,-650000000,-3159000000,3587000000,461000000,-1486000000,-978000000,34000000,515000000,518000000,202000000,92492000000,2107000000,2433000000,58069000000,34423000000,4406000000,40321000000,-5083000000,18195000000,33578000000,10011000000,8587000000,24597000000,4000000000,4000000000,-815000000,3769000000,41716000000,1311000000,-1262000000,19448000000,4878000000,14497000000,1344000000,2016000000,3628000000,50776000000,14497000000,2100000000,33472000000,28035000000,4273000000
2019-12-06,53.22,-0.15,-0.281057%,53.0,51.05,53.75,"16,692,078","876,878,337.901900",2019-10-31,13159000000,9396000000,4695000000,8464000000,4325000000,2926000000,1666000000,3686000000,2999000000,3763000000,178000000,760000000,760000000,-172000000,2926000000,2926000000,1922000000,113000000,1922000000,-8668000000,-16000000,-650000000,-3159000000,3587000000,461000000,-1486000000,-978000000,34000000,515000000,518000000,202000000,92492000000,2107000000,2433000000,58069000000,34423000000,4406000000,40321000000,-5083000000,18195000000,33578000000,10011000000,8587000000,24597000000,4000000000,4000000000,-815000000,3769000000,41716000000,1311000000,-1262000000,19448000000,4878000000,14497000000,1344000000,2016000000,3628000000,50776000000,14497000000,2100000000,33472000000,28035000000,4273000000
2019-11-29,53.37,-0.83,-1.531365%,54.82,53.12,55.75,"15,595,320","853,181,439.007900",2019-10-31,13159000000,9396000000,4695000000,8464000000,4325000000,2926000000,1666000000,3686000000,2999000000,3763000000,178000000,760000000,760000000,-172000000,2926000000,2926000000,1922000000,113000000,1922000000,-8668000000,-16000000,-650000000,-3159000000,3587000000,461000000,-1486000000,-978000000,34000000,515000000,518000000,202000000,92492000000,2107000000,2433000000,58069000000,34423000000,4406000000,40321000000,-5083000000,18195000000,33578000000,10011000000,8587000000,24597000000,4000000000,4000000000,-815000000,3769000000,41716000000,1311000000,-1262000000,19448000000,4878000000,14497000000,1344000000,2016000000,3628000000,50776000000,14497000000,2100000000,33472000000,28035000000,4273000000
2019-11-22,54.2,-0.66,-1.203062%,54.75,52.1,54.91,"21,813,303","1,167,163,089.227900",2019-10-31,13159000000,9396000000,4695000000,8464000000,4325000000,2926000000,1666000000,3686000000,2999000000,3763000000,178000000,760000000,760000000,-172000000,2926000000,2926000000,1922000000,113000000,1922000000,-8668000000,-16000000,-650000000,-3159000000,3587000000,461000000,-1486000000,-978000000,34000000,515000000,518000000,202000000,92492000000,2107000000,2433000000,58069000000,34423000000,4406000000,40321000000,-5083000000,18195000000,33578000000,10011000000,8587000000,24597000000,4000000000,4000000000,-815000000,3769000000,41716000000,1311000000,-1262000000,19448000000,4878000000,14497000000,1344000000,2016000000,3628000000,50776000000,14497000000,2100000000,33472000000,28035000000,4273000000
2019-11-15,54.86,-1.13,-2.018218%,55.55,53.15,56.25,"15,863,994","868,250,387.894200",2019-10-31,13159000000,9396000000,4695000000,8464000000,4325000000,2926000000,1666000000,3686000000,2999000000,3763000000,178000000,760000000,760000000,-172000000,2926000000,2926000000,1922000000,113000000,1922000000,-8668000000,-16000000,-650000000,-3159000000,3587000000,461000000,-1486000000,-978000000,34000000,515000000,518000000,202000000,92492000000,2107000000,2433000000,58069000000,34423000000,4406000000,40321000000,-5083000000,18195000000,33578000000,10011000000,8587000000,24597000000,4000000000,4000000000,-815000000,3769000000,41716000000,1311000000,-1262000000,19448000000,4878000000,14497000000,1344000000,2016000000,3628000000,50776000000,14497000000,2100000000,33472000000,28035000000,4273000000
2019-11-08,55.99,3.68,+7.034984%,52.65,52.46,55.99,"26,901,344","1,471,580,373.697500",2019-10-31,13159000000,9396000000,4695000000,8464000000,4325000000,2926000000,1666000000,3686000000,2999000000,3763000000,178000000,760000000,760000000,-172000000,2926000000,2926000000,1922000000,113000000,1922000000,-8668000000,-16000000,-650000000,-3159000000,3587000000,461000000,-1486000000,-978000000,34000000,515000000,518000000,202000000,92492000000,2107000000,2433000000,58069000000,34423000000,4406000000,40321000000,-5083000000,18195000000,33578000000,10011000000,8587000000,24597000000,4000000000,4000000000,-815000000,3769000000,41716000000,1311000000,-1262000000,19448000000,4878000000,14497000000,1344000000,2016000000,3628000000,50776000000,14497000000,2100000000,33472000000,28035000000,4273000000
2019-11-01,52.31,1.83,+3.625198%,50.75,49.71,52.49,"18,658,488","952,726,002.788100",2019-10-31,13159000000,9396000000,4695000000,8464000000,4325000000,2926000000,1666000000,3686000000,2999000000,3763000000,178000000,760000000,760000000,-172000000,2926000000,2926000000,1922000000,113000000,1922000000,-8668000000,-16000000,-650000000,-3159000000,3587000000,461000000,-1486000000,-978000000,34000000,515000000,518000000,202000000,92492000000,2107000000,2433000000,58069000000,34423000000,4406000000,40321000000,-5083000000,18195000000,33578000000,10011000000,8587000000,24597000000,4000000000,4000000000,-815000000,3769000000,41716000000,1311000000,-1262000000,19448000000,4878000000,14497000000,1344000000,2016000000,3628000000,50776000000,14497000000,2100000000,33472000000,28035000000,4273000000
2019-10-25,50.48,2.52,+5.254379%,48.59,46.02,50.76,"24,758,966","1,195,073,723.823000",2019-07-31,13428000000,4884000000,4854000000,8574000000,3908000000,2206000000,1753000000,3704000000,3053000000,3690000000,204000000,1498000000,1498000000,-127000000,2206000000,2206000000,19078000000,1756000000,2689000000,-5132000000,-199000000,294000000,1499000000,3942000000,464000000,-1511000000,-4356000000,132000000,-1644000000,398000000,208000000,97793000000,2201000000,2373000000,64222000000,33571000000,15092000000,40266000000,-5903000000,18035000000,33529000000,10244000000,11750000000,31712000000,10191000000,10191000000,-792000000,2789000000,47755000000,4958000000,-2159000000,21663000000,10586000000,14475000000,1383000000,6429000000,2496000000,4065000000,14475000000,18035000000,32510000000,33413000000,4250000000
2019-10-18,47.96,0.83,+1.761086%,46.72,46.2396,48.54,"15,973,778","758,203,156.862200",2019-07-31,13428000000,4884000000,4854000000,8574000000,3908000000,2206000000,1753000000,3704000000,3053000000,3690000000,204000000,1498000000,1498000000,-127000000,2206000000,2206000000,19078000000,1756000000,2689000000,-5132000000,-199000000,294000000,1499000000,3942000000,464000000,-1511000000,-4356000000,132000000,-1644000000,398000000,208000000,97793000000,2201000000,2373000000,64222000000,33571000000,15092000000,40266000000,-5903000000,18035000000,33529000000,10244000000,11750000000,31712000000,10191000000,10191000000,-792000000,2789000000,47755000000,4958000000,-2159000000,21663000000,10586000000,14475000000,1383000000,6429000000,2496000000,4065000000,14475000000,18035000000,32510000000,33413000000,4250000000
2019-10-11,47.13,1.79,+3.947949%,45.08,43.83,47.72,"17,027,506","769,995,322.753300",2019-07-31,13428000000,4884000000,4854000000,8574000000,3908000000,2206000000,1753000000,3704000000,3053000000,3690000000,204000000,1498000000,1498000000,-127000000,2206000000,2206000000,19078000000,1756000000,2689000000,-5132000000,-199000000,294000000,1499000000,3942000000,464000000,-1511000000,-4356000000,132000000,-1644000000,398000000,208000000,97793000000,2201000000,2373000000,64222000000,33571000000,15092000000,40266000000,-5903000000,18035000000,33529000000,10244000000,11750000000,31712000000,10191000000,10191000000,-792000000,2789000000,47755000000,4958000000,-2159000000,21663000000,10586000000,14475000000,1383000000,6429000000,2496000000,4065000000,14475000000,18035000000,32510000000,33413000000,4250000000
2019-10-04,45.34,-1.73,-3.675377%,47.26,44.36,48.57,"18,321,261","837,186,493.991200",2019-07-31,13428000000,4884000000,4854000000,8574000000,3908000000,2206000000,1753000000,3704000000,3053000000,3690000000,204000000,1498000000,1498000000,-127000000,2206000000,2206000000,19078000000,1756000000,2689000000,-5132000000,-199000000,294000000,1499000000,3942000000,464000000,-1511000000,-4356000000,132000000,-1644000000,398000000,208000000,97793000000,2201000000,2373000000,64222000000,33571000000,15092000000,40266000000,-5903000000,18035000000,33529000000,10244000000,11750000000,31712000000,10191000000,10191000000,-792000000,2789000000,47755000000,4958000000,-2159000000,21663000000,10586000000,14475000000,1383000000,6429000000,2496000000,4065000000,14475000000,18035000000,32510000000,33413000000,4250000000
2019-09-27,47.07,-1.14,-2.364655%,47.39,45.95,48.215,"19,272,120","910,949,431.678000",2019-07-31,13428000000,4884000000,4854000000,8574000000,3908000000,2206000000,1753000000,3704000000,3053000000,3690000000,204000000,1498000000,1498000000,-127000000,2206000000,2206000000,19078000000,1756000000,2689000000,-5132000000,-199000000,294000000,1499000000,3942000000,464000000,-1511000000,-4356000000,132000000,-1644000000,398000000,208000000,97793000000,2201000000,2373000000,64222000000,33571000000,15092000000,40266000000,-5903000000,18035000000,33529000000,10244000000,11750000000,31712000000,10191000000,10191000000,-792000000,2789000000,47755000000,4958000000,-2159000000,21663000000,10586000000,14475000000,1383000000,6429000000,2496000000,4065000000,14475000000,18035000000,32510000000,33413000000,4250000000
2019-09-20,48.21,0.01,+0.020747%,48.69,47.02,49.98,"25,680,846","1,236,372,081.890800",2019-07-31,13428000000,4884000000,4854000000,8574000000,3908000000,2206000000,1753000000,3704000000,3053000000,3690000000,204000000,1498000000,1498000000,-127000000,2206000000,2206000000,19078000000,1756000000,2689000000,-5132000000,-199000000,294000000,1499000000,3942000000,464000000,-1511000000,-4356000000,132000000,-1644000000,398000000,208000000,97793000000,2201000000,2373000000,64222000000,33571000000,15092000000,40266000000,-5903000000,18035000000,33529000000,10244000000,11750000000,31712000000,10191000000,10191000000,-792000000,2789000000,47755000000,4958000000,-2159000000,21663000000,10586000000,14475000000,1383000000,6429000000,2496000000,4065000000,14475000000,18035000000,32510000000,33413000000,4250000000
2019-09-13,48.2,4.96,+11.470860%,43.53,43.26,48.44,"20,674,354","957,453,286.193700",2019-07-31,13428000000,4884000000,4854000000,8574000000,3908000000,2206000000,1753000000,3704000000,3053000000,3690000000,204000000,1498000000,1498000000,-127000000,2206000000,2206000000,19078000000,1756000000,2689000000,-5132000000,-199000000,294000000,1499000000,3942000000,464000000,-1511000000,-4356000000,132000000,-1644000000,398000000,208000000,97793000000,2201000000,2373000000,64222000000,33571000000,15092000000,40266000000,-5903000000,18035000000,33529000000,10244000000,11750000000,31712000000,10191000000,10191000000,-792000000,2789000000,47755000000,4958000000,-2159000000,21663000000,10586000000,14475000000,1383000000,6429000000,2496000000,4065000000,14475000000,18035000000,32510000000,33413000000,4250000000
2019-09-06,43.24,0.61,+1.430917%,42.14,41.15,43.97,"13,291,160","568,176,980.193500",2019-07-31,13428000000,4884000000,4854000000,8574000000,3908000000,2206000000,1753000000,3704000000,3053000000,3690000000,204000000,1498000000,1498000000,-127000000,2206000000,2206000000,19078000000,1756000000,2689000000,-5132000000,-199000000,294000000,1499000000,3942000000,464000000,-1511000000,-4356000000,132000000,-1644000000,398000000,208000000,97793000000,2201000000,2373000000,64222000000,33571000000,15092000000,40266000000,-5903000000,18035000000,33529000000,10244000000,11750000000,31712000000,10191000000,10191000000,-792000000,2789000000,47755000000,4958000000,-2159000000,21663000000,10586000000,14475000000,1383000000,6429000000,2496000000,4065000000,14475000000,18035000000,32510000000,33413000000,4250000000
2019-08-30,42.63,1.92,+4.716286%,41.27,40.61,43.0,"19,601,686","821,208,404.454800",2019-07-31,13428000000,4884000000,4854000000,8574000000,3908000000,2206000000,1753000000,3704000000,3053000000,3690000000,204000000,1498000000,1498000000,-127000000,2206000000,2206000000,19078000000,1756000000,2689000000,-5132000000,-199000000,294000000,1499000000,3942000000,464000000,-1511000000,-4356000000,132000000,-1644000000,398000000,208000000,97793000000,2201000000,2373000000,64222000000,33571000000,15092000000,40266000000,-5903000000,18035000000,33529000000,10244000000,11750000000,31712000000,10191000000,10191000000,-792000000,2789000000,47755000000,4958000000,-2159000000,21663000000,10586000000,14475000000,1383000000,6429000000,2496000000,4065000000,14475000000,18035000000,32510000000,33413000000,4250000000
2019-08-23,40.71,-3.8,-8.537407%,45.36,40.44,45.8634,"26,779,942","1,149,737,828.160900",2019-07-31,13428000000,4884000000,4854000000,8574000000,3908000000,2206000000,1753000000,3704000000,3053000000,3690000000,204000000,1498000000,1498000000,-127000000,2206000000,2206000000,19078000000,1756000000,2689000000,-5132000000,-199000000,294000000,1499000000,3942000000,464000000,-1511000000,-4356000000,132000000,-1644000000,398000000,208000000,97793000000,2201000000,2373000000,64222000000,33571000000,15092000000,40266000000,-5903000000,18035000000,33529000000,10244000000,11750000000,31712000000,10191000000,10191000000,-792000000,2789000000,47755000000,4958000000,-2159000000,21663000000,10586000000,14475000000,1383000000,6429000000,2496000000,4065000000,14475000000,18035000000,32510000000,33413000000,4250000000
2019-08-16,44.51,-2.13,-4.566895%,46.39,42.77,47.76,"24,166,275","1,093,237,031.531000",2019-07-31,13428000000,4884000000,4854000000,8574000000,3908000000,2206000000,1753000000,3704000000,3053000000,3690000000,204000000,1498000000,1498000000,-127000000,2206000000,2206000000,19078000000,1756000000,2689000000,-5132000000,-199000000,294000000,1499000000,3942000000,464000000,-1511000000,-4356000000,132000000,-1644000000,398000000,208000000,97793000000,2201000000,2373000000,64222000000,33571000000,15092000000,40266000000,-5903000000,18035000000,33529000000,10244000000,11750000000,31712000000,10191000000,10191000000,-792000000,2789000000,47755000000,4958000000,-2159000000,21663000000,10586000000,14475000000,1383000000,6429000000,2496000000,4065000000,14475000000,18035000000,32510000000,33413000000,4250000000
2019-08-09,46.64,1.04,+2.280702%,45.06,43.735,46.99,"23,386,264","1,058,814,976.426600",2019-07-31,13428000000,4884000000,4854000000,8574000000,3908000000,2206000000,1753000000,3704000000,3053000000,3690000000,204000000,1498000000,1498000000,-127000000,2206000000,2206000000,19078000000,1756000000,2689000000,-5132000000,-199000000,294000000,1499000000,3942000000,464000000,-1511000000,-4356000000,132000000,-1644000000,398000000,208000000,97793000000,2201000000,2373000000,64222000000,33571000000,15092000000,40266000000,-5903000000,18035000000,33529000000,10244000000,11750000000,31712000000,10191000000,10191000000,-792000000,2789000000,47755000000,4958000000,-2159000000,21663000000,10586000000,14475000000,1383000000,6429000000,2496000000,4065000000,14475000000,18035000000,32510000000,33413000000,4250000000
2019-08-02,45.6,-3.51,-7.147221%,48.52,45.37,49.43,"24,752,298","1,178,734,897.628700",2019-07-31,13428000000,4884000000,4854000000,8574000000,3908000000,2206000000,1753000000,3704000000,3053000000,3690000000,204000000,1498000000,1498000000,-127000000,2206000000,2206000000,19078000000,1756000000,2689000000,-5132000000,-199000000,294000000,1499000000,3942000000,464000000,-1511000000,-4356000000,132000000,-1644000000,398000000,208000000,97793000000,2201000000,2373000000,64222000000,33571000000,15092000000,40266000000,-5903000000,18035000000,33529000000,10244000000,11750000000,31712000000,10191000000,10191000000,-792000000,2789000000,47755000000,4958000000,-2159000000,21663000000,10586000000,14475000000,1383000000,6429000000,2496000000,4065000000,14475000000,18035000000,32510000000,33413000000,4250000000
2019-07-26,49.11,-2.41,-4.677795%,51.5041,48.92,52.99,"20,039,945","1,023,879,592.326600",2019-04-30,12958000000,4660000000,4785000000,8173000000,3826000000,3044000000,1659000000,3615000000,2944000000,3513000000,211000000,571000000,571000000,-36000000,3044000000,3044000000,-465000000,448000000,5606000000,-9541000000,-54000000,-328000000,394000000,4329000000,481000000,-1489000000,-5971000000,202000000,-53000000,350000000,228000000,97287000000,2398000000,2331000000,60483000000,36804000000,14289000000,40577000000,-2877000000,16645000000,33544000000,9923000000,10251000000,27913000000,7777000000,7777000000,-896000000,2834000000,47311000000,4862000000,862000000,24392000000,8824000000,15921000000,1513000000,5847000000,2315000000,4023000000,15921000000,16649000000,32570000000,34643000000,4313000000
2019-07-19,51.52,1.81,+3.641118%,49.77,49.66,52.6446,"22,236,743","1,147,136,767.991100",2019-04-30,12958000000,4660000000,4785000000,8173000000,3826000000,3044000000,1659000000,3615000000,2944000000,3513000000,211000000,571000000,571000000,-36000000,3044000000,3044000000,-465000000,448000000,5606000000,-9541000000,-54000000,-328000000,394000000,4329000000,481000000,-1489000000,-5971000000,202000000,-53000000,350000000,228000000,97287000000,2398000000,2331000000,60483000000,36804000000,14289000000,40577000000,-2877000000,16645000000,33544000000,9923000000,10251000000,27913000000,7777000000,7777000000,-896000000,2834000000,47311000000,4862000000,862000000,24392000000,8824000000,15921000000,1513000000,5847000000,2315000000,4023000000,15921000000,16649000000,32570000000,34643000000,4313000000
2019-07-12,49.71,0.4,+0.811194%,49.34,47.18,50.04,"22,941,467","1,109,126,915.499200",2019-04-30,12958000000,4660000000,4785000000,8173000000,3826000000,3044000000,1659000000,3615000000,2944000000,3513000000,211000000,571000000,571000000,-36000000,3044000000,3044000000,-465000000,448000000,5606000000,-9541000000,-54000000,-328000000,394000000,4329000000,481000000,-1489000000,-5971000000,202000000,-53000000,350000000,228000000,97287000000,2398000000,2331000000,60483000000,36804000000,14289000000,40577000000,-2877000000,16645000000,33544000000,9923000000,10251000000,27913000000,7777000000,7777000000,-896000000,2834000000,47311000000,4862000000,862000000,24392000000,8824000000,15921000000,1513000000,5847000000,2315000000,4023000000,15921000000,16649000000,32570000000,34643000000,4313000000
2019-07-05,49.31,0.0,0.000000%,50.0,48.76,50.2,"14,395,106","711,466,419.410600",2019-04-30,12958000000,4660000000,4785000000,8173000000,3826000000,3044000000,1659000000,3615000000,2944000000,3513000000,211000000,571000000,571000000,-36000000,3044000000,3044000000,-465000000,448000000,5606000000,-9541000000,-54000000,-328000000,394000000,4329000000,481000000,-1489000000,-5971000000,202000000,-53000000,350000000,228000000,97287000000,2398000000,2331000000,60483000000,36804000000,14289000000,40577000000,-2877000000,16645000000,33544000000,9923000000,10251000000,27913000000,7777000000,7777000000,-896000000,2834000000,47311000000,4862000000,862000000,24392000000,8824000000,15921000000,1513000000,5847000000,2315000000,4023000000,15921000000,16649000000,32570000000,34643000000,4313000000
2019-06-28,49.31,0.95,+1.964433%,48.51,48.32,51.22,"24,456,598","1,222,104,442.881000",2019-04-30,12958000000,4660000000,4785000000,8173000000,3826000000,3044000000,1659000000,3615000000,2944000000,3513000000,211000000,571000000,571000000,-36000000,3044000000,3044000000,-465000000,448000000,5606000000,-9541000000,-54000000,-328000000,394000000,4329000000,481000000,-1489000000,-5971000000,202000000,-53000000,350000000,228000000,97287000000,2398000000,2331000000,60483000000,36804000000,14289000000,40577000000,-2877000000,16645000000,33544000000,9923000000,10251000000,27913000000,7777000000,7777000000,-896000000,2834000000,47311000000,4862000000,862000000,24392000000,8824000000,15921000000,1513000000,5847000000,2315000000,4023000000,15921000000,16649000000,32570000000,34643000000,4313000000
2019-06-21,48.36,-2.79,-5.454545%,50.06,48.31,50.57,"29,912,508","1,468,687,334.164700",2019-04-30,12958000000,4660000000,4785000000,8173000000,3826000000,3044000000,1659000000,3615000000,2944000000,3513000000,211000000,571000000,571000000,-36000000,3044000000,3044000000,-465000000,448000000,5606000000,-9541000000,-54000000,-328000000,394000000,4329000000,481000000,-1489000000,-5971000000,202000000,-53000000,350000000,228000000,97287000000,2398000000,2331000000,60483000000,36804000000,14289000000,40577000000,-2877000000,16645000000,33544000000,9923000000,10251000000,27913000000,7777000000,7777000000,-896000000,2834000000,47311000000,4862000000,862000000,24392000000,8824000000,15921000000,1513000000,5847000000,2315000000,4023000000,15921000000,16649000000,32570000000,34643000000,4313000000
2019-06-14,51.15,-0.15,-0.292398%,51.72,51.0,52.95,"21,781,872","1,132,479,486.106600",2019-04-30,12958000000,4660000000,4785000000,8173000000,3826000000,3044000000,1659000000,3615000000,2944000000,3513000000,211000000,571000000,571000000,-36000000,3044000000,3044000000,-465000000,448000000,5606000000,-9541000000,-54000000,-328000000,394000000,4329000000,481000000,-1489000000,-5971000000,202000000,-53000000,350000000,228000000,97287000000,2398000000,2331000000,60483000000,36804000000,14289000000,40577000000,-2877000000,16645000000,33544000000,9923000000,10251000000,27913000000,7777000000,7777000000,-896000000,2834000000,47311000000,4862000000,862000000,24392000000,8824000000,15921000000,1513000000,5847000000,2315000000,4023000000,15921000000,16649000000,32570000000,34643000000,4313000000
2019-06-07,51.3,4.54,+9.709153%,46.85,46.85,51.69,"30,980,973","1,543,113,056.114700",2019-04-30,12958000000,4660000000,4785000000,8173000000,3826000000,3044000000,1659000000,3615000000,2944000000,3513000000,211000000,571000000,571000000,-36000000,3044000000,3044000000,-465000000,448000000,5606000000,-9541000000,-54000000,-328000000,394000000,4329000000,481000000,-1489000000,-5971000000,202000000,-53000000,350000000,228000000,97287000000,2398000000,2331000000,60483000000,36804000000,14289000000,40577000000,-2877000000,16645000000,33544000000,9923000000,10251000000,27913000000,7777000000,7777000000,-896000000,2834000000,47311000000,4862000000,862000000,24392000000,8824000000,15921000000,1513000000,5847000000,2315000000,4023000000,15921000000,16649000000,32570000000,34643000000,4313000000
2019-05-31,46.76,-2.44,-4.959350%,49.37,46.75,49.43,"17,313,497","835,708,478.111200",2019-04-30,12958000000,4660000000,4785000000,8173000000,3826000000,3044000000,1659000000,3615000000,2944000000,3513000000,211000000,571000000,571000000,-36000000,3044000000,3044000000,-465000000,448000000,5606000000,-9541000000,-54000000,-328000000,394000000,4329000000,481000000,-1489000000,-5971000000,202000000,-53000000,350000000,228000000,97287000000,2398000000,2331000000,60483000000,36804000000,14289000000,40577000000,-2877000000,16645000000,33544000000,9923000000,10251000000,27913000000,7777000000,7777000000,-896000000,2834000000,47311000000,4862000000,862000000,24392000000,8824000000,15921000000,1513000000,5847000000,2315000000,4023000000,15921000000,16649000000,32570000000,34643000000,4313000000
2019-05-24,49.2,-1.6,-3.149606%,50.4,48.21,51.19,"20,994,111","1,045,115,734.300900",2019-04-30,12958000000,4660000000,4785000000,8173000000,3826000000,3044000000,1659000000,3615000000,2944000000,3513000000,211000000,571000000,571000000,-36000000,3044000000,3044000000,-465000000,448000000,5606000000,-9541000000,-54000000,-328000000,394000000,4329000000,481000000,-1489000000,-5971000000,202000000,-53000000,350000000,228000000,97287000000,2398000000,2331000000,60483000000,36804000000,14289000000,40577000000,-2877000000,16645000000,33544000000,9923000000,10251000000,27913000000,7777000000,7777000000,-896000000,2834000000,47311000000,4862000000,862000000,24392000000,8824000000,15921000000,1513000000,5847000000,2315000000,4023000000,15921000000,16649000000,32570000000,34643000000,4313000000
2019-05-17,50.8,-2.27,-4.277370%,52.28,50.66,53.55,"19,477,002","1,014,966,648.590800",2019-04-30,12958000000,4660000000,4785000000,8173000000,3826000000,3044000000,1659000000,3615000000,2944000000,3513000000,211000000,571000000,571000000,-36000000,3044000000,3044000000,-465000000,448000000,5606000000,-9541000000,-54000000,-328000000,394000000,4329000000,481000000,-1489000000,-5971000000,202000000,-53000000,350000000,228000000,97287000000,2398000000,2331000000,60483000000,36804000000,14289000000,40577000000,-2877000000,16645000000,33544000000,9923000000,10251000000,27913000000,7777000000,7777000000,-896000000,2834000000,47311000000,4862000000,862000000,24392000000,8824000000,15921000000,1513000000,5847000000,2315000000,4023000000,15921000000,16649000000,32570000000,34643000000,4313000000
2019-05-10,53.07,-0.23,-0.431520%,52.15,51.55,54.03,"28,149,100","1,488,864,503.057000",2019-04-30,12958000000,4660000000,4785000000,8173000000,3826000000,3044000000,1659000000,3615000000,2944000000,3513000000,211000000,571000000,571000000,-36000000,3044000000,3044000000,-465000000,448000000,5606000000,-9541000000,-54000000,-328000000,394000000,4329000000,481000000,-1489000000,-5971000000,202000000,-53000000,350000000,228000000,97287000000,2398000000,2331000000,60483000000,36804000000,14289000000,40577000000,-2877000000,16645000000,33544000000,9923000000,10251000000,27913000000,7777000000,7777000000,-896000000,2834000000,47311000000,4862000000,862000000,24392000000,8824000000,15921000000,1513000000,5847000000,2315000000,4023000000,15921000000,16649000000,32570000000,34643000000,4313000000
2019-05-03,53.3,-1.95,-3.529412%,55.05,51.72,57.48,"41,368,295","2,262,112,993.761700",2019-04-30,12958000000,4660000000,4785000000,8173000000,3826000000,3044000000,1659000000,3615000000,2944000000,3513000000,211000000,571000000,571000000,-36000000,3044000000,3044000000,-465000000,448000000,5606000000,-9541000000,-54000000,-328000000,394000000,4329000000,481000000,-1489000000,-5971000000,202000000,-53000000,350000000,228000000,97287000000,2398000000,2331000000,60483000000,36804000000,14289000000,40577000000,-2877000000,16645000000,33544000000,9923000000,10251000000,27913000000,7777000000,7777000000,-896000000,2834000000,47311000000,4862000000,862000000,24392000000,8824000000,15921000000,1513000000,5847000000,2315000000,4023000000,15921000000,16649000000,32570000000,34643000000,4313000000
2019-04-26,55.25,-2.52,-4.362126%,57.48,54.82,58.41,"25,790,559","1,458,358,347.367900",2019-01-31,12446000000,4562000000,4673000000,7773000000,3566000000,2822000000,1557000000,3343000000,2780000000,3211000000,223000000,463000000,521000000,-159000000,2822000000,2822000000,-205000000,-253000000,3867000000,-6271000000,-119000000,-186000000,1393000000,3797000000,487000000,-1500000000,-4682000000,-169000000,721000000,142000000,261000000,102462000000,2270000000,2231000000,61673000000,40789000000,14378000000,41361000000,538000000,16286000000,33293000000,5038000000,9835000000,29479000000,9737000000,9737000000,-1110000000,2931000000,53117000000,4565000000,5226000000,30548000000,8757000000,15893000000,1701000000,5364000000,2205000000,4081000000,15893000000,16301000000,32194000000,40383000000,4424000000
2019-04-19,57.77,-0.53,-0.909091%,58.57,57.29,59.05,"24,008,354","1,398,885,102.138800",2019-01-31,12446000000,4562000000,4673000000,7773000000,3566000000,2822000000,1557000000,3343000000,2780000000,3211000000,223000000,463000000,521000000,-159000000,2822000000,2822000000,-205000000,-253000000,3867000000,-6271000000,-119000000,-186000000,1393000000,3797000000,487000000,-1500000000,-4682000000,-169000000,721000000,142000000,261000000,102462000000,2270000000,2231000000,61673000000,40789000000,14378000000,41361000000,538000000,16286000000,33293000000,5038000000,9835000000,29479000000,9737000000,9737000000,-1110000000,2931000000,53117000000,4565000000,5226000000,30548000000,8757000000,15893000000,1701000000,5364000000,2205000000,4081000000,15893000000,16301000000,32194000000,40383000000,4424000000
2019-04-12,58.3,1.06,+1.851852%,56.5,54.83,58.39,"45,654,107","2,583,650,336.900300",2019-01-31,12446000000,4562000000,4673000000,7773000000,3566000000,2822000000,1557000000,3343000000,2780000000,3211000000,223000000,463000000,521000000,-159000000,2822000000,2822000000,-205000000,-253000000,3867000000,-6271000000,-119000000,-186000000,1393000000,3797000000,487000000,-1500000000,-4682000000,-169000000,721000000,142000000,261000000,102462000000,2270000000,2231000000,61673000000,40789000000,14378000000,41361000000,538000000,16286000000,33293000000,5038000000,9835000000,29479000000,9737000000,9737000000,-1110000000,2931000000,53117000000,4565000000,5226000000,30548000000,8757000000,15893000000,1701000000,5364000000,2205000000,4081000000,15893000000,16301000000,32194000000,40383000000,4424000000
2019-04-05,57.24,5.61,+10.865776%,52.3,51.25,60.52,"82,456,420","3,588,792,196.740200",2019-01-31,12446000000,4562000000,4673000000,7773000000,3566000000,2822000000,1557000000,3343000000,2780000000,3211000000,223000000,463000000,521000000,-159000000,2822000000,2822000000,-205000000,-253000000,3867000000,-6271000000,-119000000,-186000000,1393000000,3797000000,487000000,-1500000000,-4682000000,-169000000,721000000,142000000,261000000,102462000000,2270000000,2231000000,61673000000,40789000000,14378000000,41361000000,538000000,16286000000,33293000000,5038000000,9835000000,29479000000,9737000000,9737000000,-1110000000,2931000000,53117000000,4565000000,5226000000,30548000000,8757000000,15893000000,1701000000,5364000000,2205000000,4081000000,15893000000,16301000000,32194000000,40383000000,4424000000
2019-03-29,51.63,3.03,+6.234568%,48.6,48.0,52.48,"5,088,679","253,814,690.080500",2019-01-31,12446000000,4562000000,4673000000,7773000000,3566000000,2822000000,1557000000,3343000000,2780000000,3211000000,223000000,463000000,521000000,-159000000,2822000000,2822000000,-205000000,-253000000,3867000000,-6271000000,-119000000,-186000000,1393000000,3797000000,487000000,-1500000000,-4682000000,-169000000,721000000,142000000,261000000,102462000000,2270000000,2231000000,61673000000,40789000000,14378000000,41361000000,538000000,16286000000,33293000000,5038000000,9835000000,29479000000,9737000000,9737000000,-1110000000,2931000000,53117000000,4565000000,5226000000,30548000000,8757000000,15893000000,1701000000,5364000000,2205000000,4081000000,15893000000,16301000000,32194000000,40383000000,4424000000
2019-03-22,48.6,0.0,0,52.75,48.16,53.5,"4,960,199","246,389,464.423200",2019-01-31,12446000000,4562000000,4673000000,7773000000,3566000000,2822000000,1557000000,3343000000,2780000000,3211000000,223000000,463000000,521000000,-159000000,2822000000,2822000000,-205000000,-253000000,3867000000,-6271000000,-119000000,-186000000,1393000000,3797000000,487000000,-1500000000,-4682000000,-169000000,721000000,142000000,261000000,102462000000,2270000000,2231000000,61673000000,40789000000,14378000000,41361000000,538000000,16286000000,33293000000,5038000000,9835000000,29479000000,9737000000,9737000000,-1110000000,2931000000,53117000000,4565000000,5226000000,30548000000,8757000000,15893000000,1701000000,5364000000,2205000000,4081000000,15893000000,16301000000,32194000000,40383000000,4424000000
