Exchange Date,Close,Net,%Chg,Open,Low,High,Volume,Turnover - USD,fiscalDateEnding,totalRevenue,totalOperatingExpense,costOfRevenue,grossProfit,ebit,netIncome,researchAndDevelopment,incomeBeforeTax,minorityInterest,sellingGeneralAdministrative,operatingIncome,interestExpense,incomeTaxExpense,totalOtherIncomeExpense,netIncomeFromContinuingOperations,netIncomeApplicableToCommonShares,investments,changeInLiabilities,cashflowFromInvestment,otherCashflowFromInvestment,netBorrowings,cashflowFromFinancing,otherCashflowFromFinancing,changeInOperatingActivities,changeInCash,operatingCashflow,depreciation,dividendPayout,stockSaleAndPurchase,changeInInventory,changeInNetIncome,capitalExpenditures,totalAssets,intangibleAssets,otherCurrentAssets,totalLiabilities,totalShareholderEquity,retainedEarnings,goodwill,otherAssets,cash,totalCurrentLiabilities,shortTermDebt,currentLongTermDebt,otherShareholderEquity,propertyPlantEquipment,totalCurrentAssets,longTermInvestments,netTangibleAssets,netReceivables,longTermDebt,inventory,accountsPayable,totalNonCurrentAssets,totalLongTermDebt,otherNonCurrentLiabilities,totalNonCurrentLiabilities,capitalSurplus,cashAndShortTermInvestments
2020-11-27,55.4,0.67,+1.224191%,55.28,55.01,58.18,"16,011,920","904,194,791.582700",2020-09-30,9712000000,9036000000,8359000000,1353000000,968000000,-25000000,193000000,42000000,578000000,372000000,8000000,202000000,43000000,-438000000,-4000000,-25000000,-82000000,336000000,-616000000,343000000,-359000000,-1809000000,-220000000,492000000,2175000000,4596000000,2148000000,-1552000000,-72000000,158000000,439000000,959000000,59945000000,3442000000,542000000,47591000000,12354000000,15472000000,8854000000,3392000000,4549000000,10207000000,329000000,676000000,-9989000000,22222000000,17789000000,3464000000,58000000,4706000000,16251000000,5609000000,3400000000,42156000000,16698000000,8524000000,36806000000,7497000000,4549000000
2020-11-20,54.73,2.76,+5.310756%,53.55,52.14,56.275,"21,159,837","1,156,079,546.713800",2020-09-30,9712000000,9036000000,8359000000,1353000000,968000000,-25000000,193000000,42000000,578000000,372000000,8000000,202000000,43000000,-438000000,-4000000,-25000000,-82000000,336000000,-616000000,343000000,-359000000,-1809000000,-220000000,492000000,2175000000,4596000000,2148000000,-1552000000,-72000000,158000000,439000000,959000000,59945000000,3442000000,542000000,47591000000,12354000000,15472000000,8854000000,3392000000,4549000000,10207000000,329000000,676000000,-9989000000,22222000000,17789000000,3464000000,58000000,4706000000,16251000000,5609000000,3400000000,42156000000,16698000000,8524000000,36806000000,7497000000,4549000000
2020-11-13,51.97,3.74,+7.754510%,51.59,50.2,54.18,"26,427,266","1,385,495,322.093300",2020-09-30,9712000000,9036000000,8359000000,1353000000,968000000,-25000000,193000000,42000000,578000000,372000000,8000000,202000000,43000000,-438000000,-4000000,-25000000,-82000000,336000000,-616000000,343000000,-359000000,-1809000000,-220000000,492000000,2175000000,4596000000,2148000000,-1552000000,-72000000,158000000,439000000,959000000,59945000000,3442000000,542000000,47591000000,12354000000,15472000000,8854000000,3392000000,4549000000,10207000000,329000000,676000000,-9989000000,22222000000,17789000000,3464000000,58000000,4706000000,16251000000,5609000000,3400000000,42156000000,16698000000,8524000000,36806000000,7497000000,4549000000
2020-11-06,48.23,2.74,+6.023302%,46.25,45.88,49.82,"18,826,100","904,114,183.646700",2020-09-30,9712000000,9036000000,8359000000,1353000000,968000000,-25000000,193000000,42000000,578000000,372000000,8000000,202000000,43000000,-438000000,-4000000,-25000000,-82000000,336000000,-616000000,343000000,-359000000,-1809000000,-220000000,492000000,2175000000,4596000000,2148000000,-1552000000,-72000000,158000000,439000000,959000000,59945000000,3442000000,542000000,47591000000,12354000000,15472000000,8854000000,3392000000,4549000000,10207000000,329000000,676000000,-9989000000,22222000000,17789000000,3464000000,58000000,4706000000,16251000000,5609000000,3400000000,42156000000,16698000000,8524000000,36806000000,7497000000,4549000000
2020-10-30,45.49,-3.04,-6.264166%,47.94,44.33,48.14,"23,790,765","1,093,719,310.782700",2020-09-30,9712000000,9036000000,8359000000,1353000000,968000000,-25000000,193000000,42000000,578000000,372000000,8000000,202000000,43000000,-438000000,-4000000,-25000000,-82000000,336000000,-616000000,343000000,-359000000,-1809000000,-220000000,492000000,2175000000,4596000000,2148000000,-1552000000,-72000000,158000000,439000000,959000000,59945000000,3442000000,542000000,47591000000,12354000000,15472000000,8854000000,3392000000,4549000000,10207000000,329000000,676000000,-9989000000,22222000000,17789000000,3464000000,58000000,4706000000,16251000000,5609000000,3400000000,42156000000,16698000000,8524000000,36806000000,7497000000,4549000000
2020-10-23,48.53,-0.77,-1.561866%,49.33,47.15,50.33,"17,871,576","875,054,315.989000",2020-09-30,9712000000,9036000000,8359000000,1353000000,968000000,-25000000,193000000,42000000,578000000,372000000,8000000,202000000,43000000,-438000000,-4000000,-25000000,-82000000,336000000,-616000000,343000000,-359000000,-1809000000,-220000000,492000000,2175000000,4596000000,2148000000,-1552000000,-72000000,158000000,439000000,959000000,59945000000,3442000000,542000000,47591000000,12354000000,15472000000,8854000000,3392000000,4549000000,10207000000,329000000,676000000,-9989000000,22222000000,17789000000,3464000000,58000000,4706000000,16251000000,5609000000,3400000000,42156000000,16698000000,8524000000,36806000000,7497000000,4549000000
2020-10-16,49.3,-0.06,-0.121556%,49.4,47.42,49.995,"20,710,290","1,006,687,395.628700",2020-09-30,9712000000,9036000000,8359000000,1353000000,968000000,-25000000,193000000,42000000,578000000,372000000,8000000,202000000,43000000,-438000000,-4000000,-25000000,-82000000,336000000,-616000000,343000000,-359000000,-1809000000,-220000000,492000000,2175000000,4596000000,2148000000,-1552000000,-72000000,158000000,439000000,959000000,59945000000,3442000000,542000000,47591000000,12354000000,15472000000,8854000000,3392000000,4549000000,10207000000,329000000,676000000,-9989000000,22222000000,17789000000,3464000000,58000000,4706000000,16251000000,5609000000,3400000000,42156000000,16698000000,8524000000,36806000000,7497000000,4549000000
2020-10-09,49.36,2.05,+4.333122%,47.9,47.7,50.09,"20,329,758","991,996,531.074600",2020-09-30,9712000000,9036000000,8359000000,1353000000,968000000,-25000000,193000000,42000000,578000000,372000000,8000000,202000000,43000000,-438000000,-4000000,-25000000,-82000000,336000000,-616000000,343000000,-359000000,-1809000000,-220000000,492000000,2175000000,4596000000,2148000000,-1552000000,-72000000,158000000,439000000,959000000,59945000000,3442000000,542000000,47591000000,12354000000,15472000000,8854000000,3392000000,4549000000,10207000000,329000000,676000000,-9989000000,22222000000,17789000000,3464000000,58000000,4706000000,16251000000,5609000000,3400000000,42156000000,16698000000,8524000000,36806000000,7497000000,4549000000
2020-10-02,47.31,1.27,+2.758471%,46.5,45.13,48.28,"19,340,425","910,105,937.416000",2020-09-30,9712000000,9036000000,8359000000,1353000000,968000000,-25000000,193000000,42000000,578000000,372000000,8000000,202000000,43000000,-438000000,-4000000,-25000000,-82000000,336000000,-616000000,343000000,-359000000,-1809000000,-220000000,492000000,2175000000,4596000000,2148000000,-1552000000,-72000000,158000000,439000000,959000000,59945000000,3442000000,542000000,47591000000,12354000000,15472000000,8854000000,3392000000,4549000000,10207000000,329000000,676000000,-9989000000,22222000000,17789000000,3464000000,58000000,4706000000,16251000000,5609000000,3400000000,42156000000,16698000000,8524000000,36806000000,7497000000,4549000000
2020-09-25,46.04,-4.33,-8.596387%,49.04,45.63,49.33,"23,407,516","1,102,620,924.391400",2020-06-30,8354000000,8249000000,7604000000,750000000,717000000,-225000000,182000000,-183000000,560000000,357000000,59000000,200000000,34000000,-94000000,-217000000,-225000000,-381000000,-582000000,-534000000,136000000,-618000000,-879000000,-144000000,248000000,1350000000,2829000000,1424000000,-1034000000,-95000000,540000000,341000000,670000000,59276000000,3532000000,600000000,46739000000,12537000000,16017000000,8801000000,3240000000,3724000000,9786000000,853000000,1304000000,-10265000000,22499000000,16997000000,3482000000,204000000,4359000000,15923000000,5784000000,3296000000,42279000000,16288000000,7404000000,36393000000,7431000000,3726000000
2020-09-18,50.37,0.52,+1.043129%,50.07,48.85,51.5601,"27,460,020","1,386,574,527.943800",2020-06-30,8354000000,8249000000,7604000000,750000000,717000000,-225000000,182000000,-183000000,560000000,357000000,59000000,200000000,34000000,-94000000,-217000000,-225000000,-381000000,-582000000,-534000000,136000000,-618000000,-879000000,-144000000,248000000,1350000000,2829000000,1424000000,-1034000000,-95000000,540000000,341000000,670000000,59276000000,3532000000,600000000,46739000000,12537000000,16017000000,8801000000,3240000000,3724000000,9786000000,853000000,1304000000,-10265000000,22499000000,16997000000,3482000000,204000000,4359000000,15923000000,5784000000,3296000000,42279000000,16288000000,7404000000,36393000000,7431000000,3726000000
2020-09-11,49.85,1.25,+2.572016%,47.69,47.435,50.42,"18,886,063","927,948,617.789800",2020-06-30,8354000000,8249000000,7604000000,750000000,717000000,-225000000,182000000,-183000000,560000000,357000000,59000000,200000000,34000000,-94000000,-217000000,-225000000,-381000000,-582000000,-534000000,136000000,-618000000,-879000000,-144000000,248000000,1350000000,2829000000,1424000000,-1034000000,-95000000,540000000,341000000,670000000,59276000000,3532000000,600000000,46739000000,12537000000,16017000000,8801000000,3240000000,3724000000,9786000000,853000000,1304000000,-10265000000,22499000000,16997000000,3482000000,204000000,4359000000,15923000000,5784000000,3296000000,42279000000,16288000000,7404000000,36393000000,7431000000,3726000000
2020-09-04,48.6,2.55,+5.537459%,45.99,44.47,49.8,"28,704,565","1,371,043,612.097000",2020-06-30,8354000000,8249000000,7604000000,750000000,717000000,-225000000,182000000,-183000000,560000000,357000000,59000000,200000000,34000000,-94000000,-217000000,-225000000,-381000000,-582000000,-534000000,136000000,-618000000,-879000000,-144000000,248000000,1350000000,2829000000,1424000000,-1034000000,-95000000,540000000,341000000,670000000,59276000000,3532000000,600000000,46739000000,12537000000,16017000000,8801000000,3240000000,3724000000,9786000000,853000000,1304000000,-10265000000,22499000000,16997000000,3482000000,204000000,4359000000,15923000000,5784000000,3296000000,42279000000,16288000000,7404000000,36393000000,7431000000,3726000000
2020-08-28,46.05,2.46,+5.643496%,44.3,44.02,46.95,"20,200,934","926,884,398.624800",2020-06-30,8354000000,8249000000,7604000000,750000000,717000000,-225000000,182000000,-183000000,560000000,357000000,59000000,200000000,34000000,-94000000,-217000000,-225000000,-381000000,-582000000,-534000000,136000000,-618000000,-879000000,-144000000,248000000,1350000000,2829000000,1424000000,-1034000000,-95000000,540000000,341000000,670000000,59276000000,3532000000,600000000,46739000000,12537000000,16017000000,8801000000,3240000000,3724000000,9786000000,853000000,1304000000,-10265000000,22499000000,16997000000,3482000000,204000000,4359000000,15923000000,5784000000,3296000000,42279000000,16288000000,7404000000,36393000000,7431000000,3726000000
2020-08-21,43.59,-1.28,-2.852686%,45.1,43.25,45.44,"14,993,692","664,329,207.497800",2020-06-30,8354000000,8249000000,7604000000,750000000,717000000,-225000000,182000000,-183000000,560000000,357000000,59000000,200000000,34000000,-94000000,-217000000,-225000000,-381000000,-582000000,-534000000,136000000,-618000000,-879000000,-144000000,248000000,1350000000,2829000000,1424000000,-1034000000,-95000000,540000000,341000000,670000000,59276000000,3532000000,600000000,46739000000,12537000000,16017000000,8801000000,3240000000,3724000000,9786000000,853000000,1304000000,-10265000000,22499000000,16997000000,3482000000,204000000,4359000000,15923000000,5784000000,3296000000,42279000000,16288000000,7404000000,36393000000,7431000000,3726000000
2020-08-14,44.87,2.24,+5.254516%,42.81,42.81,46.07,"15,962,714","712,417,483.858800",2020-06-30,8354000000,8249000000,7604000000,750000000,717000000,-225000000,182000000,-183000000,560000000,357000000,59000000,200000000,34000000,-94000000,-217000000,-225000000,-381000000,-582000000,-534000000,136000000,-618000000,-879000000,-144000000,248000000,1350000000,2829000000,1424000000,-1034000000,-95000000,540000000,341000000,670000000,59276000000,3532000000,600000000,46739000000,12537000000,16017000000,8801000000,3240000000,3724000000,9786000000,853000000,1304000000,-10265000000,22499000000,16997000000,3482000000,204000000,4359000000,15923000000,5784000000,3296000000,42279000000,16288000000,7404000000,36393000000,7431000000,3726000000
2020-08-07,42.63,1.57,+3.823673%,41.22,39.9,42.665,"20,760,618","860,975,657.567100",2020-06-30,8354000000,8249000000,7604000000,750000000,717000000,-225000000,182000000,-183000000,560000000,357000000,59000000,200000000,34000000,-94000000,-217000000,-225000000,-381000000,-582000000,-534000000,136000000,-618000000,-879000000,-144000000,248000000,1350000000,2829000000,1424000000,-1034000000,-95000000,540000000,341000000,670000000,59276000000,3532000000,600000000,46739000000,12537000000,16017000000,8801000000,3240000000,3724000000,9786000000,853000000,1304000000,-10265000000,22499000000,16997000000,3482000000,204000000,4359000000,15923000000,5784000000,3296000000,42279000000,16288000000,7404000000,36393000000,7431000000,3726000000
2020-07-31,41.06,-1.55,-3.637644%,42.81,40.59,44.48,"22,898,408","969,330,490.932600",2020-06-30,8354000000,8249000000,7604000000,750000000,717000000,-225000000,182000000,-183000000,560000000,357000000,59000000,200000000,34000000,-94000000,-217000000,-225000000,-381000000,-582000000,-534000000,136000000,-618000000,-879000000,-144000000,248000000,1350000000,2829000000,1424000000,-1034000000,-95000000,540000000,341000000,670000000,59276000000,3532000000,600000000,46739000000,12537000000,16017000000,8801000000,3240000000,3724000000,9786000000,853000000,1304000000,-10265000000,22499000000,16997000000,3482000000,204000000,4359000000,15923000000,5784000000,3296000000,42279000000,16288000000,7404000000,36393000000,7431000000,3726000000
2020-07-24,42.61,-1.06,-2.427296%,43.34,41.88,44.5,"22,347,946","961,583,246.271400",2020-06-30,8354000000,8249000000,7604000000,750000000,717000000,-225000000,182000000,-183000000,560000000,357000000,59000000,200000000,34000000,-94000000,-217000000,-225000000,-381000000,-582000000,-534000000,136000000,-618000000,-879000000,-144000000,248000000,1350000000,2829000000,1424000000,-1034000000,-95000000,540000000,341000000,670000000,59276000000,3532000000,600000000,46739000000,12537000000,16017000000,8801000000,3240000000,3724000000,9786000000,853000000,1304000000,-10265000000,22499000000,16997000000,3482000000,204000000,4359000000,15923000000,5784000000,3296000000,42279000000,16288000000,7404000000,36393000000,7431000000,3726000000
2020-07-17,43.67,2.91,+7.139352%,41.1,40.5,44.265,"20,100,440","862,670,171.622700",2020-06-30,8354000000,8249000000,7604000000,750000000,717000000,-225000000,182000000,-183000000,560000000,357000000,59000000,200000000,34000000,-94000000,-217000000,-225000000,-381000000,-582000000,-534000000,136000000,-618000000,-879000000,-144000000,248000000,1350000000,2829000000,1424000000,-1034000000,-95000000,540000000,341000000,670000000,59276000000,3532000000,600000000,46739000000,12537000000,16017000000,8801000000,3240000000,3724000000,9786000000,853000000,1304000000,-10265000000,22499000000,16997000000,3482000000,204000000,4359000000,15923000000,5784000000,3296000000,42279000000,16288000000,7404000000,36393000000,7431000000,3726000000
2020-07-10,40.76,-0.83,-1.995672%,42.63,39.17,42.78,"20,718,676","848,327,422.841300",2020-06-30,8354000000,8249000000,7604000000,750000000,717000000,-225000000,182000000,-183000000,560000000,357000000,59000000,200000000,34000000,-94000000,-217000000,-225000000,-381000000,-582000000,-534000000,136000000,-618000000,-879000000,-144000000,248000000,1350000000,2829000000,1424000000,-1034000000,-95000000,540000000,341000000,670000000,59276000000,3532000000,600000000,46739000000,12537000000,16017000000,8801000000,3240000000,3724000000,9786000000,853000000,1304000000,-10265000000,22499000000,16997000000,3482000000,204000000,4359000000,15923000000,5784000000,3296000000,42279000000,16288000000,7404000000,36393000000,7431000000,3726000000
2020-07-03,41.59,1.79,+4.497487%,40.36,39.76,42.25,"20,633,563","842,933,175.626500",2020-06-30,8354000000,8249000000,7604000000,750000000,717000000,-225000000,182000000,-183000000,560000000,357000000,59000000,200000000,34000000,-94000000,-217000000,-225000000,-381000000,-582000000,-534000000,136000000,-618000000,-879000000,-144000000,248000000,1350000000,2829000000,1424000000,-1034000000,-95000000,540000000,341000000,670000000,59276000000,3532000000,600000000,46739000000,12537000000,16017000000,8801000000,3240000000,3724000000,9786000000,853000000,1304000000,-10265000000,22499000000,16997000000,3482000000,204000000,4359000000,15923000000,5784000000,3296000000,42279000000,16288000000,7404000000,36393000000,7431000000,3726000000
2020-06-26,39.8,-1.85,-4.441777%,41.46,37.68,42.48,"28,947,786","1,153,172,383.508100",2020-03-31,9770000000,8843000000,8234000000,1536000000,1335000000,239000000,179000000,396000000,555000000,334000000,762000000,215000000,138000000,-331000000,258000000,239000000,-153000000,-314000000,-153000000,242000000,1012000000,265000000,-120000000,254000000,1265000000,1239000000,724000000,-518000000,-109000000,-111000000,319000000,395000000,60686000000,3636000000,547000000,47780000000,12906000000,16763000000,8780000000,3299000000,3633000000,11121000000,1490000000,1874000000,-10493000000,22748000000,18138000000,3371000000,490000000,4863000000,15944000000,6324000000,3769000000,42548000000,16313000000,6937000000,36104000000,7370000000,3634000000
2020-06-19,41.65,0.42,+1.018676%,39.48,39.29,44.5,"26,388,689","1,105,097,053.596500",2020-03-31,9770000000,8843000000,8234000000,1536000000,1335000000,239000000,179000000,396000000,555000000,334000000,762000000,215000000,138000000,-331000000,258000000,239000000,-153000000,-314000000,-153000000,242000000,1012000000,265000000,-120000000,254000000,1265000000,1239000000,724000000,-518000000,-109000000,-111000000,319000000,395000000,60686000000,3636000000,547000000,47780000000,12906000000,16763000000,8780000000,3299000000,3633000000,11121000000,1490000000,1874000000,-10493000000,22748000000,18138000000,3371000000,490000000,4863000000,15944000000,6324000000,3769000000,42548000000,16313000000,6937000000,36104000000,7370000000,3634000000
2020-06-12,41.23,-2.74,-6.231521%,44.08,38.95,45.93,"29,790,455","1,268,839,167.166900",2020-03-31,9770000000,8843000000,8234000000,1536000000,1335000000,239000000,179000000,396000000,555000000,334000000,762000000,215000000,138000000,-331000000,258000000,239000000,-153000000,-314000000,-153000000,242000000,1012000000,265000000,-120000000,254000000,1265000000,1239000000,724000000,-518000000,-109000000,-111000000,319000000,395000000,60686000000,3636000000,547000000,47780000000,12906000000,16763000000,8780000000,3299000000,3633000000,11121000000,1490000000,1874000000,-10493000000,22748000000,18138000000,3371000000,490000000,4863000000,15944000000,6324000000,3769000000,42548000000,16313000000,6937000000,36104000000,7370000000,3634000000
2020-06-05,43.97,5.37,+13.911917%,38.61,38.18,45.73,"25,816,491","1,084,163,972.076500",2020-03-31,9770000000,8843000000,8234000000,1536000000,1335000000,239000000,179000000,396000000,555000000,334000000,762000000,215000000,138000000,-331000000,258000000,239000000,-153000000,-314000000,-153000000,242000000,1012000000,265000000,-120000000,254000000,1265000000,1239000000,724000000,-518000000,-109000000,-111000000,319000000,395000000,60686000000,3636000000,547000000,47780000000,12906000000,16763000000,8780000000,3299000000,3633000000,11121000000,1490000000,1874000000,-10493000000,22748000000,18138000000,3371000000,490000000,4863000000,15944000000,6324000000,3769000000,42548000000,16313000000,6937000000,36104000000,7370000000,3634000000
2020-05-29,38.6,2.48,+6.866002%,38.36,37.72,40.665,"23,609,053","919,029,140.198200",2020-03-31,9770000000,8843000000,8234000000,1536000000,1335000000,239000000,179000000,396000000,555000000,334000000,762000000,215000000,138000000,-331000000,258000000,239000000,-153000000,-314000000,-153000000,242000000,1012000000,265000000,-120000000,254000000,1265000000,1239000000,724000000,-518000000,-109000000,-111000000,319000000,395000000,60686000000,3636000000,547000000,47780000000,12906000000,16763000000,8780000000,3299000000,3633000000,11121000000,1490000000,1874000000,-10493000000,22748000000,18138000000,3371000000,490000000,4863000000,15944000000,6324000000,3769000000,42548000000,16313000000,6937000000,36104000000,7370000000,3634000000
2020-05-22,36.12,2.56,+7.628129%,35.88,35.37,38.01,"25,600,811","930,897,084.970100",2020-03-31,9770000000,8843000000,8234000000,1536000000,1335000000,239000000,179000000,396000000,555000000,334000000,762000000,215000000,138000000,-331000000,258000000,239000000,-153000000,-314000000,-153000000,242000000,1012000000,265000000,-120000000,254000000,1265000000,1239000000,724000000,-518000000,-109000000,-111000000,319000000,395000000,60686000000,3636000000,547000000,47780000000,12906000000,16763000000,8780000000,3299000000,3633000000,11121000000,1490000000,1874000000,-10493000000,22748000000,18138000000,3371000000,490000000,4863000000,15944000000,6324000000,3769000000,42548000000,16313000000,6937000000,36104000000,7370000000,3634000000
2020-05-15,33.56,-0.77,-2.242936%,34.2,30.9,35.41,"26,878,878","896,289,817.077300",2020-03-31,9770000000,8843000000,8234000000,1536000000,1335000000,239000000,179000000,396000000,555000000,334000000,762000000,215000000,138000000,-331000000,258000000,239000000,-153000000,-314000000,-153000000,242000000,1012000000,265000000,-120000000,254000000,1265000000,1239000000,724000000,-518000000,-109000000,-111000000,319000000,395000000,60686000000,3636000000,547000000,47780000000,12906000000,16763000000,8780000000,3299000000,3633000000,11121000000,1490000000,1874000000,-10493000000,22748000000,18138000000,3371000000,490000000,4863000000,15944000000,6324000000,3769000000,42548000000,16313000000,6937000000,36104000000,7370000000,3634000000
2020-05-08,34.33,0.4,+1.178898%,32.1,31.76,34.55,"25,274,405","837,827,253.205000",2020-03-31,9770000000,8843000000,8234000000,1536000000,1335000000,239000000,179000000,396000000,555000000,334000000,762000000,215000000,138000000,-331000000,258000000,239000000,-153000000,-314000000,-153000000,242000000,1012000000,265000000,-120000000,254000000,1265000000,1239000000,724000000,-518000000,-109000000,-111000000,319000000,395000000,60686000000,3636000000,547000000,47780000000,12906000000,16763000000,8780000000,3299000000,3633000000,11121000000,1490000000,1874000000,-10493000000,22748000000,18138000000,3371000000,490000000,4863000000,15944000000,6324000000,3769000000,42548000000,16313000000,6937000000,36104000000,7370000000,3634000000
2020-05-01,33.93,0.81,+2.445652%,33.31,32.8099,38.09,"37,341,338","1,333,283,155.568100",2020-03-31,9770000000,8843000000,8234000000,1536000000,1335000000,239000000,179000000,396000000,555000000,334000000,762000000,215000000,138000000,-331000000,258000000,239000000,-153000000,-314000000,-153000000,242000000,1012000000,265000000,-120000000,254000000,1265000000,1239000000,724000000,-518000000,-109000000,-111000000,319000000,395000000,60686000000,3636000000,547000000,47780000000,12906000000,16763000000,8780000000,3299000000,3633000000,11121000000,1490000000,1874000000,-10493000000,22748000000,18138000000,3371000000,490000000,4863000000,15944000000,6324000000,3769000000,42548000000,16313000000,6937000000,36104000000,7370000000,3634000000
2020-04-24,33.12,-0.3,-0.897666%,32.18,29.62,33.35,"32,498,073","1,037,357,355.478000",2020-03-31,9770000000,8843000000,8234000000,1536000000,1335000000,239000000,179000000,396000000,555000000,334000000,762000000,215000000,138000000,-331000000,258000000,239000000,-153000000,-314000000,-153000000,242000000,1012000000,265000000,-120000000,254000000,1265000000,1239000000,724000000,-518000000,-109000000,-111000000,319000000,395000000,60686000000,3636000000,547000000,47780000000,12906000000,16763000000,8780000000,3299000000,3633000000,11121000000,1490000000,1874000000,-10493000000,22748000000,18138000000,3371000000,490000000,4863000000,15944000000,6324000000,3769000000,42548000000,16313000000,6937000000,36104000000,7370000000,3634000000
2020-04-17,33.42,-3.14,-8.588621%,36.47,30.65,37.14,"35,568,596","1,197,768,463.883800",2020-03-31,9770000000,8843000000,8234000000,1536000000,1335000000,239000000,179000000,396000000,555000000,334000000,762000000,215000000,138000000,-331000000,258000000,239000000,-153000000,-314000000,-153000000,242000000,1012000000,265000000,-120000000,254000000,1265000000,1239000000,724000000,-518000000,-109000000,-111000000,319000000,395000000,60686000000,3636000000,547000000,47780000000,12906000000,16763000000,8780000000,3299000000,3633000000,11121000000,1490000000,1874000000,-10493000000,22748000000,18138000000,3371000000,490000000,4863000000,15944000000,6324000000,3769000000,42548000000,16313000000,6937000000,36104000000,7370000000,3634000000
2020-04-10,36.56,8.59,+30.711477%,29.53,29.5,37.74,"40,162,113","1,354,262,398.363500",2020-03-31,9770000000,8843000000,8234000000,1536000000,1335000000,239000000,179000000,396000000,555000000,334000000,762000000,215000000,138000000,-331000000,258000000,239000000,-153000000,-314000000,-153000000,242000000,1012000000,265000000,-120000000,254000000,1265000000,1239000000,724000000,-518000000,-109000000,-111000000,319000000,395000000,60686000000,3636000000,547000000,47780000000,12906000000,16763000000,8780000000,3299000000,3633000000,11121000000,1490000000,1874000000,-10493000000,22748000000,18138000000,3371000000,490000000,4863000000,15944000000,6324000000,3769000000,42548000000,16313000000,6937000000,36104000000,7370000000,3634000000
2020-04-03,27.97,-0.59,-2.065826%,28.31,26.9252,30.08,"43,445,726","1,228,601,586.621900",2020-03-31,9770000000,8843000000,8234000000,1536000000,1335000000,239000000,179000000,396000000,555000000,334000000,762000000,215000000,138000000,-331000000,258000000,239000000,-153000000,-314000000,-153000000,242000000,1012000000,265000000,-120000000,254000000,1265000000,1239000000,724000000,-518000000,-109000000,-111000000,319000000,395000000,60686000000,3636000000,547000000,47780000000,12906000000,16763000000,8780000000,3299000000,3633000000,11121000000,1490000000,1874000000,-10493000000,22748000000,18138000000,3371000000,490000000,4863000000,15944000000,6324000000,3769000000,42548000000,16313000000,6937000000,36104000000,7370000000,3634000000
2020-03-27,28.56,1.12,+4.081633%,27.14,26.01,32.425,"57,979,612","1,671,013,408.964600",2019-12-31,10204000000,9322000000,8718000000,1486000000,-1261000000,-2323000000,173000000,-2196000000,553000000,332000000,-2068000000,222000000,114000000,-2879000000,-2310000000,-2323000000,-597000000,-22000000,-2192000000,-222000000,-991000000,-4095000000,1364000000,129000000,-384000000,5930000000,2938000000,-2085000000,-407000000,185000000,3009000000,1970000000,60524000000,3759000000,617000000,46983000000,13541000000,17045000000,8796000000,3027000000,2367000000,10679000000,586000000,1021000000,-10310000000,23068000000,16815000000,3992000000,986000000,4885000000,15612000000,6214000000,3889000000,43709000000,15975000000,6547000000,35751000000,7325000000,2388000000
2020-03-20,27.44,1.75,+6.811989%,23.1,21.95,31.35,"75,717,080","1,980,453,595.152300",2019-12-31,10204000000,9322000000,8718000000,1486000000,-1261000000,-2323000000,173000000,-2196000000,553000000,332000000,-2068000000,222000000,114000000,-2879000000,-2310000000,-2323000000,-597000000,-22000000,-2192000000,-222000000,-991000000,-4095000000,1364000000,129000000,-384000000,5930000000,2938000000,-2085000000,-407000000,185000000,3009000000,1970000000,60524000000,3759000000,617000000,46983000000,13541000000,17045000000,8796000000,3027000000,2367000000,10679000000,586000000,1021000000,-10310000000,23068000000,16815000000,3992000000,986000000,4885000000,15612000000,6214000000,3889000000,43709000000,15975000000,6547000000,35751000000,7325000000,2388000000
2020-03-13,25.69,-13.28,-34.077496%,34.75,22.39,34.94,"76,030,493","2,095,682,322.439300",2019-12-31,10204000000,9322000000,8718000000,1486000000,-1261000000,-2323000000,173000000,-2196000000,553000000,332000000,-2068000000,222000000,114000000,-2879000000,-2310000000,-2323000000,-597000000,-22000000,-2192000000,-222000000,-991000000,-4095000000,1364000000,129000000,-384000000,5930000000,2938000000,-2085000000,-407000000,185000000,3009000000,1970000000,60524000000,3759000000,617000000,46983000000,13541000000,17045000000,8796000000,3027000000,2367000000,10679000000,586000000,1021000000,-10310000000,23068000000,16815000000,3992000000,986000000,4885000000,15612000000,6214000000,3889000000,43709000000,15975000000,6547000000,35751000000,7325000000,2388000000
2020-03-06,38.97,-1.44,-3.563474%,41.05,38.31,42.7439,"31,814,942","1,280,533,737.396500",2019-12-31,10204000000,9322000000,8718000000,1486000000,-1261000000,-2323000000,173000000,-2196000000,553000000,332000000,-2068000000,222000000,114000000,-2879000000,-2310000000,-2323000000,-597000000,-22000000,-2192000000,-222000000,-991000000,-4095000000,1364000000,129000000,-384000000,5930000000,2938000000,-2085000000,-407000000,185000000,3009000000,1970000000,60524000000,3759000000,617000000,46983000000,13541000000,17045000000,8796000000,3027000000,2367000000,10679000000,586000000,1021000000,-10310000000,23068000000,16815000000,3992000000,986000000,4885000000,15612000000,6214000000,3889000000,43709000000,15975000000,6547000000,35751000000,7325000000,2388000000
2020-02-28,40.41,-7.89,-16.335404%,46.61,38.05,47.04,"37,368,200","1,573,260,407.309500",2019-12-31,10204000000,9322000000,8718000000,1486000000,-1261000000,-2323000000,173000000,-2196000000,553000000,332000000,-2068000000,222000000,114000000,-2879000000,-2310000000,-2323000000,-597000000,-22000000,-2192000000,-222000000,-991000000,-4095000000,1364000000,129000000,-384000000,5930000000,2938000000,-2085000000,-407000000,185000000,3009000000,1970000000,60524000000,3759000000,617000000,46983000000,13541000000,17045000000,8796000000,3027000000,2367000000,10679000000,586000000,1021000000,-10310000000,23068000000,16815000000,3992000000,986000000,4885000000,15612000000,6214000000,3889000000,43709000000,15975000000,6547000000,35751000000,7325000000,2388000000
2020-02-21,48.3,-0.33,-0.678593%,48.19,47.2289,48.81,"17,366,889","834,039,485.004100",2019-12-31,10204000000,9322000000,8718000000,1486000000,-1261000000,-2323000000,173000000,-2196000000,553000000,332000000,-2068000000,222000000,114000000,-2879000000,-2310000000,-2323000000,-597000000,-22000000,-2192000000,-222000000,-991000000,-4095000000,1364000000,129000000,-384000000,5930000000,2938000000,-2085000000,-407000000,185000000,3009000000,1970000000,60524000000,3759000000,617000000,46983000000,13541000000,17045000000,8796000000,3027000000,2367000000,10679000000,586000000,1021000000,-10310000000,23068000000,16815000000,3992000000,986000000,4885000000,15612000000,6214000000,3889000000,43709000000,15975000000,6547000000,35751000000,7325000000,2388000000
2020-02-14,48.63,0.6,+1.249219%,47.8,47.8,50.37,"15,667,645","765,009,740.769600",2019-12-31,10204000000,9322000000,8718000000,1486000000,-1261000000,-2323000000,173000000,-2196000000,553000000,332000000,-2068000000,222000000,114000000,-2879000000,-2310000000,-2323000000,-597000000,-22000000,-2192000000,-222000000,-991000000,-4095000000,1364000000,129000000,-384000000,5930000000,2938000000,-2085000000,-407000000,185000000,3009000000,1970000000,60524000000,3759000000,617000000,46983000000,13541000000,17045000000,8796000000,3027000000,2367000000,10679000000,586000000,1021000000,-10310000000,23068000000,16815000000,3992000000,986000000,4885000000,15612000000,6214000000,3889000000,43709000000,15975000000,6547000000,35751000000,7325000000,2388000000
2020-02-07,48.03,1.96,+4.254395%,46.31,45.73,49.74,"26,844,083","1,292,630,922.186600",2019-12-31,10204000000,9322000000,8718000000,1486000000,-1261000000,-2323000000,173000000,-2196000000,553000000,332000000,-2068000000,222000000,114000000,-2879000000,-2310000000,-2323000000,-597000000,-22000000,-2192000000,-222000000,-991000000,-4095000000,1364000000,129000000,-384000000,5930000000,2938000000,-2085000000,-407000000,185000000,3009000000,1970000000,60524000000,3759000000,617000000,46983000000,13541000000,17045000000,8796000000,3027000000,2367000000,10679000000,586000000,1021000000,-10310000000,23068000000,16815000000,3992000000,986000000,4885000000,15612000000,6214000000,3889000000,43709000000,15975000000,6547000000,35751000000,7325000000,2388000000
2020-01-31,46.07,-2.42,-4.990720%,47.31,45.92,49.95,"30,646,274","1,462,076,779.299200",2019-12-31,10204000000,9322000000,8718000000,1486000000,-1261000000,-2323000000,173000000,-2196000000,553000000,332000000,-2068000000,222000000,114000000,-2879000000,-2310000000,-2323000000,-597000000,-22000000,-2192000000,-222000000,-991000000,-4095000000,1364000000,129000000,-384000000,5930000000,2938000000,-2085000000,-407000000,185000000,3009000000,1970000000,60524000000,3759000000,617000000,46983000000,13541000000,17045000000,8796000000,3027000000,2367000000,10679000000,586000000,1021000000,-10310000000,23068000000,16815000000,3992000000,986000000,4885000000,15612000000,6214000000,3889000000,43709000000,15975000000,6547000000,35751000000,7325000000,2388000000
2020-01-24,48.49,-4.85,-9.092613%,52.98,48.04,53.15,"21,022,870","1,062,138,590.102300",2019-12-31,10204000000,9322000000,8718000000,1486000000,-1261000000,-2323000000,173000000,-2196000000,553000000,332000000,-2068000000,222000000,114000000,-2879000000,-2310000000,-2323000000,-597000000,-22000000,-2192000000,-222000000,-991000000,-4095000000,1364000000,129000000,-384000000,5930000000,2938000000,-2085000000,-407000000,185000000,3009000000,1970000000,60524000000,3759000000,617000000,46983000000,13541000000,17045000000,8796000000,3027000000,2367000000,10679000000,586000000,1021000000,-10310000000,23068000000,16815000000,3992000000,986000000,4885000000,15612000000,6214000000,3889000000,43709000000,15975000000,6547000000,35751000000,7325000000,2388000000
2020-01-17,53.34,1.84,+3.572816%,51.5,51.47,53.36,"16,254,512","852,980,043.459800",2019-12-31,10204000000,9322000000,8718000000,1486000000,-1261000000,-2323000000,173000000,-2196000000,553000000,332000000,-2068000000,222000000,114000000,-2879000000,-2310000000,-2323000000,-597000000,-22000000,-2192000000,-222000000,-991000000,-4095000000,1364000000,129000000,-384000000,5930000000,2938000000,-2085000000,-407000000,185000000,3009000000,1970000000,60524000000,3759000000,617000000,46983000000,13541000000,17045000000,8796000000,3027000000,2367000000,10679000000,586000000,1021000000,-10310000000,23068000000,16815000000,3992000000,986000000,4885000000,15612000000,6214000000,3889000000,43709000000,15975000000,6547000000,35751000000,7325000000,2388000000
2020-01-10,51.5,-0.92,-1.755055%,52.32,51.4,53.17,"18,998,676","994,009,961.963700",2019-12-31,10204000000,9322000000,8718000000,1486000000,-1261000000,-2323000000,173000000,-2196000000,553000000,332000000,-2068000000,222000000,114000000,-2879000000,-2310000000,-2323000000,-597000000,-22000000,-2192000000,-222000000,-991000000,-4095000000,1364000000,129000000,-384000000,5930000000,2938000000,-2085000000,-407000000,185000000,3009000000,1970000000,60524000000,3759000000,617000000,46983000000,13541000000,17045000000,8796000000,3027000000,2367000000,10679000000,586000000,1021000000,-10310000000,23068000000,16815000000,3992000000,986000000,4885000000,15612000000,6214000000,3889000000,43709000000,15975000000,6547000000,35751000000,7325000000,2388000000
2020-01-03,52.42,-2.41,-4.395404%,54.86,52.41,55.54,"14,239,827","764,843,175.838600",2019-12-31,10204000000,9322000000,8718000000,1486000000,-1261000000,-2323000000,173000000,-2196000000,553000000,332000000,-2068000000,222000000,114000000,-2879000000,-2310000000,-2323000000,-597000000,-22000000,-2192000000,-222000000,-991000000,-4095000000,1364000000,129000000,-384000000,5930000000,2938000000,-2085000000,-407000000,185000000,3009000000,1970000000,60524000000,3759000000,617000000,46983000000,13541000000,17045000000,8796000000,3027000000,2367000000,10679000000,586000000,1021000000,-10310000000,23068000000,16815000000,3992000000,986000000,4885000000,15612000000,6214000000,3889000000,43709000000,15975000000,6547000000,35751000000,7325000000,2388000000
2019-12-27,54.83,0.22,+0.402857%,54.49,54.22,55.55,"7,203,902","395,874,141.084000",2019-09-30,10764000000,10059000000,9377000000,1387000000,1409000000,333000000,194000000,437000000,587000000,388000000,394000000,233000000,90000000,-54000000,347000000,333000000,-715000000,-476000000,-1595000000,-202000000,73000000,-2256000000,1655000000,-108000000,75000000,3980000000,2225000000,-1568000000,-367000000,425000000,56000000,1393000000,64937000000,3859000000,813000000,47538000000,17399000000,19873000000,9785000000,2583000000,2823000000,11201000000,517000000,895000000,-9279000000,23133000000,18949000000,5744000000,3755000000,5203000000,16826000000,6416000000,3855000000,45988000000,17213000000,6888000000,35750000000,7239000000,2834000000
2019-12-20,54.61,1.33,+2.496246%,53.61,53.51,55.25,"24,199,470","1,318,279,617.951800",2019-09-30,10764000000,10059000000,9377000000,1387000000,1409000000,333000000,194000000,437000000,587000000,388000000,394000000,233000000,90000000,-54000000,347000000,333000000,-715000000,-476000000,-1595000000,-202000000,73000000,-2256000000,1655000000,-108000000,75000000,3980000000,2225000000,-1568000000,-367000000,425000000,56000000,1393000000,64937000000,3859000000,813000000,47538000000,17399000000,19873000000,9785000000,2583000000,2823000000,11201000000,517000000,895000000,-9279000000,23133000000,18949000000,5744000000,3755000000,5203000000,16826000000,6416000000,3855000000,45988000000,17213000000,6888000000,35750000000,7239000000,2834000000
2019-12-13,53.28,0.06,+0.112740%,53.96,52.69,54.82,"14,334,996","766,947,143.723200",2019-09-30,10764000000,10059000000,9377000000,1387000000,1409000000,333000000,194000000,437000000,587000000,388000000,394000000,233000000,90000000,-54000000,347000000,333000000,-715000000,-476000000,-1595000000,-202000000,73000000,-2256000000,1655000000,-108000000,75000000,3980000000,2225000000,-1568000000,-367000000,425000000,56000000,1393000000,64937000000,3859000000,813000000,47538000000,17399000000,19873000000,9785000000,2583000000,2823000000,11201000000,517000000,895000000,-9279000000,23133000000,18949000000,5744000000,3755000000,5203000000,16826000000,6416000000,3855000000,45988000000,17213000000,6888000000,35750000000,7239000000,2834000000
2019-12-06,53.22,-0.15,-0.281057%,53.0,51.05,53.75,"16,692,078","876,878,337.901900",2019-09-30,10764000000,10059000000,9377000000,1387000000,1409000000,333000000,194000000,437000000,587000000,388000000,394000000,233000000,90000000,-54000000,347000000,333000000,-715000000,-476000000,-1595000000,-202000000,73000000,-2256000000,1655000000,-108000000,75000000,3980000000,2225000000,-1568000000,-367000000,425000000,56000000,1393000000,64937000000,3859000000,813000000,47538000000,17399000000,19873000000,9785000000,2583000000,2823000000,11201000000,517000000,895000000,-9279000000,23133000000,18949000000,5744000000,3755000000,5203000000,16826000000,6416000000,3855000000,45988000000,17213000000,6888000000,35750000000,7239000000,2834000000
2019-11-29,53.37,-0.83,-1.531365%,54.82,53.12,55.75,"15,595,320","853,181,439.007900",2019-09-30,10764000000,10059000000,9377000000,1387000000,1409000000,333000000,194000000,437000000,587000000,388000000,394000000,233000000,90000000,-54000000,347000000,333000000,-715000000,-476000000,-1595000000,-202000000,73000000,-2256000000,1655000000,-108000000,75000000,3980000000,2225000000,-1568000000,-367000000,425000000,56000000,1393000000,64937000000,3859000000,813000000,47538000000,17399000000,19873000000,9785000000,2583000000,2823000000,11201000000,517000000,895000000,-9279000000,23133000000,18949000000,5744000000,3755000000,5203000000,16826000000,6416000000,3855000000,45988000000,17213000000,6888000000,35750000000,7239000000,2834000000
2019-11-22,54.2,-0.66,-1.203062%,54.75,52.1,54.91,"21,813,303","1,167,163,089.227900",2019-09-30,10764000000,10059000000,9377000000,1387000000,1409000000,333000000,194000000,437000000,587000000,388000000,394000000,233000000,90000000,-54000000,347000000,333000000,-715000000,-476000000,-1595000000,-202000000,73000000,-2256000000,1655000000,-108000000,75000000,3980000000,2225000000,-1568000000,-367000000,425000000,56000000,1393000000,64937000000,3859000000,813000000,47538000000,17399000000,19873000000,9785000000,2583000000,2823000000,11201000000,517000000,895000000,-9279000000,23133000000,18949000000,5744000000,3755000000,5203000000,16826000000,6416000000,3855000000,45988000000,17213000000,6888000000,35750000000,7239000000,2834000000
2019-11-15,54.86,-1.13,-2.018218%,55.55,53.15,56.25,"15,863,994","868,250,387.894200",2019-09-30,10764000000,10059000000,9377000000,1387000000,1409000000,333000000,194000000,437000000,587000000,388000000,394000000,233000000,90000000,-54000000,347000000,333000000,-715000000,-476000000,-1595000000,-202000000,73000000,-2256000000,1655000000,-108000000,75000000,3980000000,2225000000,-1568000000,-367000000,425000000,56000000,1393000000,64937000000,3859000000,813000000,47538000000,17399000000,19873000000,9785000000,2583000000,2823000000,11201000000,517000000,895000000,-9279000000,23133000000,18949000000,5744000000,3755000000,5203000000,16826000000,6416000000,3855000000,45988000000,17213000000,6888000000,35750000000,7239000000,2834000000
2019-11-08,55.99,3.68,+7.034984%,52.65,52.46,55.99,"26,901,344","1,471,580,373.697500",2019-09-30,10764000000,10059000000,9377000000,1387000000,1409000000,333000000,194000000,437000000,587000000,388000000,394000000,233000000,90000000,-54000000,347000000,333000000,-715000000,-476000000,-1595000000,-202000000,73000000,-2256000000,1655000000,-108000000,75000000,3980000000,2225000000,-1568000000,-367000000,425000000,56000000,1393000000,64937000000,3859000000,813000000,47538000000,17399000000,19873000000,9785000000,2583000000,2823000000,11201000000,517000000,895000000,-9279000000,23133000000,18949000000,5744000000,3755000000,5203000000,16826000000,6416000000,3855000000,45988000000,17213000000,6888000000,35750000000,7239000000,2834000000
2019-11-01,52.31,1.83,+3.625198%,50.75,49.71,52.49,"18,658,488","952,726,002.788100",2019-09-30,10764000000,10059000000,9377000000,1387000000,1409000000,333000000,194000000,437000000,587000000,388000000,394000000,233000000,90000000,-54000000,347000000,333000000,-715000000,-476000000,-1595000000,-202000000,73000000,-2256000000,1655000000,-108000000,75000000,3980000000,2225000000,-1568000000,-367000000,425000000,56000000,1393000000,64937000000,3859000000,813000000,47538000000,17399000000,19873000000,9785000000,2583000000,2823000000,11201000000,517000000,895000000,-9279000000,23133000000,18949000000,5744000000,3755000000,5203000000,16826000000,6416000000,3855000000,45988000000,17213000000,6888000000,35750000000,7239000000,2834000000
2019-10-25,50.48,2.52,+5.254379%,48.59,46.02,50.76,"24,758,966","1,195,073,723.823000",2019-09-30,10764000000,10059000000,9377000000,1387000000,1409000000,333000000,194000000,437000000,587000000,388000000,394000000,233000000,90000000,-54000000,347000000,333000000,-715000000,-476000000,-1595000000,-202000000,73000000,-2256000000,1655000000,-108000000,75000000,3980000000,2225000000,-1568000000,-367000000,425000000,56000000,1393000000,64937000000,3859000000,813000000,47538000000,17399000000,19873000000,9785000000,2583000000,2823000000,11201000000,517000000,895000000,-9279000000,23133000000,18949000000,5744000000,3755000000,5203000000,16826000000,6416000000,3855000000,45988000000,17213000000,6888000000,35750000000,7239000000,2834000000
2019-10-18,47.96,0.83,+1.761086%,46.72,46.2396,48.54,"15,973,778","758,203,156.862200",2019-09-30,10764000000,10059000000,9377000000,1387000000,1409000000,333000000,194000000,437000000,587000000,388000000,394000000,233000000,90000000,-54000000,347000000,333000000,-715000000,-476000000,-1595000000,-202000000,73000000,-2256000000,1655000000,-108000000,75000000,3980000000,2225000000,-1568000000,-367000000,425000000,56000000,1393000000,64937000000,3859000000,813000000,47538000000,17399000000,19873000000,9785000000,2583000000,2823000000,11201000000,517000000,895000000,-9279000000,23133000000,18949000000,5744000000,3755000000,5203000000,16826000000,6416000000,3855000000,45988000000,17213000000,6888000000,35750000000,7239000000,2834000000
2019-10-11,47.13,1.79,+3.947949%,45.08,43.83,47.72,"17,027,506","769,995,322.753300",2019-09-30,10764000000,10059000000,9377000000,1387000000,1409000000,333000000,194000000,437000000,587000000,388000000,394000000,233000000,90000000,-54000000,347000000,333000000,-715000000,-476000000,-1595000000,-202000000,73000000,-2256000000,1655000000,-108000000,75000000,3980000000,2225000000,-1568000000,-367000000,425000000,56000000,1393000000,64937000000,3859000000,813000000,47538000000,17399000000,19873000000,9785000000,2583000000,2823000000,11201000000,517000000,895000000,-9279000000,23133000000,18949000000,5744000000,3755000000,5203000000,16826000000,6416000000,3855000000,45988000000,17213000000,6888000000,35750000000,7239000000,2834000000
2019-10-04,45.34,-1.73,-3.675377%,47.26,44.36,48.57,"18,321,261","837,186,493.991200",2019-09-30,10764000000,10059000000,9377000000,1387000000,1409000000,333000000,194000000,437000000,587000000,388000000,394000000,233000000,90000000,-54000000,347000000,333000000,-715000000,-476000000,-1595000000,-202000000,73000000,-2256000000,1655000000,-108000000,75000000,3980000000,2225000000,-1568000000,-367000000,425000000,56000000,1393000000,64937000000,3859000000,813000000,47538000000,17399000000,19873000000,9785000000,2583000000,2823000000,11201000000,517000000,895000000,-9279000000,23133000000,18949000000,5744000000,3755000000,5203000000,16826000000,6416000000,3855000000,45988000000,17213000000,6888000000,35750000000,7239000000,2834000000
2019-09-27,47.07,-1.14,-2.364655%,47.39,45.95,48.215,"19,272,120","910,949,431.678000",2019-06-30,11014000000,10154000000,9420000000,1594000000,1098000000,75000000,208000000,215000000,589000000,422000000,447000000,237000000,125000000,-429000000,90000000,75000000,-394000000,0,-880000000,41000000,73000000,-1667000000,1705000000,-108000000,-281000000,2256000000,1486000000,-1052000000,-271000000,324000000,56000000,921000000,64889000000,4000000000,727000000,46978000000,17911000000,20110000000,9848000000,2658000000,2446000000,11605000000,544000000,841000000,-9037000000,23433000000,18637000000,5526000000,4063000000,5695000000,16791000000,6841000000,4188000000,46252000000,17155000000,5563000000,34784000000,7186000000,2466000000
2019-09-20,48.21,0.01,+0.020747%,48.69,47.02,49.98,"25,680,846","1,236,372,081.890800",2019-06-30,11014000000,10154000000,9420000000,1594000000,1098000000,75000000,208000000,215000000,589000000,422000000,447000000,237000000,125000000,-429000000,90000000,75000000,-394000000,0,-880000000,41000000,73000000,-1667000000,1705000000,-108000000,-281000000,2256000000,1486000000,-1052000000,-271000000,324000000,56000000,921000000,64889000000,4000000000,727000000,46978000000,17911000000,20110000000,9848000000,2658000000,2446000000,11605000000,544000000,841000000,-9037000000,23433000000,18637000000,5526000000,4063000000,5695000000,16791000000,6841000000,4188000000,46252000000,17155000000,5563000000,34784000000,7186000000,2466000000
2019-09-13,48.2,4.96,+11.470860%,43.53,43.26,48.44,"20,674,354","957,453,286.193700",2019-06-30,11014000000,10154000000,9420000000,1594000000,1098000000,75000000,208000000,215000000,589000000,422000000,447000000,237000000,125000000,-429000000,90000000,75000000,-394000000,0,-880000000,41000000,73000000,-1667000000,1705000000,-108000000,-281000000,2256000000,1486000000,-1052000000,-271000000,324000000,56000000,921000000,64889000000,4000000000,727000000,46978000000,17911000000,20110000000,9848000000,2658000000,2446000000,11605000000,544000000,841000000,-9037000000,23433000000,18637000000,5526000000,4063000000,5695000000,16791000000,6841000000,4188000000,46252000000,17155000000,5563000000,34784000000,7186000000,2466000000
2019-09-06,43.24,0.61,+1.430917%,42.14,41.15,43.97,"13,291,160","568,176,980.193500",2019-06-30,11014000000,10154000000,9420000000,1594000000,1098000000,75000000,208000000,215000000,589000000,422000000,447000000,237000000,125000000,-429000000,90000000,75000000,-394000000,0,-880000000,41000000,73000000,-1667000000,1705000000,-108000000,-281000000,2256000000,1486000000,-1052000000,-271000000,324000000,56000000,921000000,64889000000,4000000000,727000000,46978000000,17911000000,20110000000,9848000000,2658000000,2446000000,11605000000,544000000,841000000,-9037000000,23433000000,18637000000,5526000000,4063000000,5695000000,16791000000,6841000000,4188000000,46252000000,17155000000,5563000000,34784000000,7186000000,2466000000
2019-08-30,42.63,1.92,+4.716286%,41.27,40.61,43.0,"19,601,686","821,208,404.454800",2019-06-30,11014000000,10154000000,9420000000,1594000000,1098000000,75000000,208000000,215000000,589000000,422000000,447000000,237000000,125000000,-429000000,90000000,75000000,-394000000,0,-880000000,41000000,73000000,-1667000000,1705000000,-108000000,-281000000,2256000000,1486000000,-1052000000,-271000000,324000000,56000000,921000000,64889000000,4000000000,727000000,46978000000,17911000000,20110000000,9848000000,2658000000,2446000000,11605000000,544000000,841000000,-9037000000,23433000000,18637000000,5526000000,4063000000,5695000000,16791000000,6841000000,4188000000,46252000000,17155000000,5563000000,34784000000,7186000000,2466000000
2019-08-23,40.71,-3.8,-8.537407%,45.36,40.44,45.8634,"26,779,942","1,149,737,828.160900",2019-06-30,11014000000,10154000000,9420000000,1594000000,1098000000,75000000,208000000,215000000,589000000,422000000,447000000,237000000,125000000,-429000000,90000000,75000000,-394000000,0,-880000000,41000000,73000000,-1667000000,1705000000,-108000000,-281000000,2256000000,1486000000,-1052000000,-271000000,324000000,56000000,921000000,64889000000,4000000000,727000000,46978000000,17911000000,20110000000,9848000000,2658000000,2446000000,11605000000,544000000,841000000,-9037000000,23433000000,18637000000,5526000000,4063000000,5695000000,16791000000,6841000000,4188000000,46252000000,17155000000,5563000000,34784000000,7186000000,2466000000
2019-08-16,44.51,-2.13,-4.566895%,46.39,42.77,47.76,"24,166,275","1,093,237,031.531000",2019-06-30,11014000000,10154000000,9420000000,1594000000,1098000000,75000000,208000000,215000000,589000000,422000000,447000000,237000000,125000000,-429000000,90000000,75000000,-394000000,0,-880000000,41000000,73000000,-1667000000,1705000000,-108000000,-281000000,2256000000,1486000000,-1052000000,-271000000,324000000,56000000,921000000,64889000000,4000000000,727000000,46978000000,17911000000,20110000000,9848000000,2658000000,2446000000,11605000000,544000000,841000000,-9037000000,23433000000,18637000000,5526000000,4063000000,5695000000,16791000000,6841000000,4188000000,46252000000,17155000000,5563000000,34784000000,7186000000,2466000000
2019-08-09,46.64,1.04,+2.280702%,45.06,43.735,46.99,"23,386,264","1,058,814,976.426600",2019-06-30,11014000000,10154000000,9420000000,1594000000,1098000000,75000000,208000000,215000000,589000000,422000000,447000000,237000000,125000000,-429000000,90000000,75000000,-394000000,0,-880000000,41000000,73000000,-1667000000,1705000000,-108000000,-281000000,2256000000,1486000000,-1052000000,-271000000,324000000,56000000,921000000,64889000000,4000000000,727000000,46978000000,17911000000,20110000000,9848000000,2658000000,2446000000,11605000000,544000000,841000000,-9037000000,23433000000,18637000000,5526000000,4063000000,5695000000,16791000000,6841000000,4188000000,46252000000,17155000000,5563000000,34784000000,7186000000,2466000000
2019-08-02,45.6,-3.51,-7.147221%,48.52,45.37,49.43,"24,752,298","1,178,734,897.628700",2019-06-30,11014000000,10154000000,9420000000,1594000000,1098000000,75000000,208000000,215000000,589000000,422000000,447000000,237000000,125000000,-429000000,90000000,75000000,-394000000,0,-880000000,41000000,73000000,-1667000000,1705000000,-108000000,-281000000,2256000000,1486000000,-1052000000,-271000000,324000000,56000000,921000000,64889000000,4000000000,727000000,46978000000,17911000000,20110000000,9848000000,2658000000,2446000000,11605000000,544000000,841000000,-9037000000,23433000000,18637000000,5526000000,4063000000,5695000000,16791000000,6841000000,4188000000,46252000000,17155000000,5563000000,34784000000,7186000000,2466000000
2019-07-26,49.11,-2.41,-4.677795%,51.5041,48.92,52.99,"20,039,945","1,023,879,592.326600",2019-06-30,11014000000,10154000000,9420000000,1594000000,1098000000,75000000,208000000,215000000,589000000,422000000,447000000,237000000,125000000,-429000000,90000000,75000000,-394000000,0,-880000000,41000000,73000000,-1667000000,1705000000,-108000000,-281000000,2256000000,1486000000,-1052000000,-271000000,324000000,56000000,921000000,64889000000,4000000000,727000000,46978000000,17911000000,20110000000,9848000000,2658000000,2446000000,11605000000,544000000,841000000,-9037000000,23433000000,18637000000,5526000000,4063000000,5695000000,16791000000,6841000000,4188000000,46252000000,17155000000,5563000000,34784000000,7186000000,2466000000
2019-07-19,51.52,1.81,+3.641118%,49.77,49.66,52.6446,"22,236,743","1,147,136,767.991100",2019-06-30,11014000000,10154000000,9420000000,1594000000,1098000000,75000000,208000000,215000000,589000000,422000000,447000000,237000000,125000000,-429000000,90000000,75000000,-394000000,0,-880000000,41000000,73000000,-1667000000,1705000000,-108000000,-281000000,2256000000,1486000000,-1052000000,-271000000,324000000,56000000,921000000,64889000000,4000000000,727000000,46978000000,17911000000,20110000000,9848000000,2658000000,2446000000,11605000000,544000000,841000000,-9037000000,23433000000,18637000000,5526000000,4063000000,5695000000,16791000000,6841000000,4188000000,46252000000,17155000000,5563000000,34784000000,7186000000,2466000000
2019-07-12,49.71,0.4,+0.811194%,49.34,47.18,50.04,"22,941,467","1,109,126,915.499200",2019-06-30,11014000000,10154000000,9420000000,1594000000,1098000000,75000000,208000000,215000000,589000000,422000000,447000000,237000000,125000000,-429000000,90000000,75000000,-394000000,0,-880000000,41000000,73000000,-1667000000,1705000000,-108000000,-281000000,2256000000,1486000000,-1052000000,-271000000,324000000,56000000,921000000,64889000000,4000000000,727000000,46978000000,17911000000,20110000000,9848000000,2658000000,2446000000,11605000000,544000000,841000000,-9037000000,23433000000,18637000000,5526000000,4063000000,5695000000,16791000000,6841000000,4188000000,46252000000,17155000000,5563000000,34784000000,7186000000,2466000000
2019-07-05,49.31,0.0,0.000000%,50.0,48.76,50.2,"14,395,106","711,466,419.410600",2019-06-30,11014000000,10154000000,9420000000,1594000000,1098000000,75000000,208000000,215000000,589000000,422000000,447000000,237000000,125000000,-429000000,90000000,75000000,-394000000,0,-880000000,41000000,73000000,-1667000000,1705000000,-108000000,-281000000,2256000000,1486000000,-1052000000,-271000000,324000000,56000000,921000000,64889000000,4000000000,727000000,46978000000,17911000000,20110000000,9848000000,2658000000,2446000000,11605000000,544000000,841000000,-9037000000,23433000000,18637000000,5526000000,4063000000,5695000000,16791000000,6841000000,4188000000,46252000000,17155000000,5563000000,34784000000,7186000000,2466000000
2019-06-28,49.31,0.95,+1.964433%,48.51,48.32,51.22,"24,456,598","1,222,104,442.881000",2019-03-31,13582000000,11923000000,10707000000,2875000000,1945000000,541000000,361000000,858000000,589000000,701000000,1659000000,247000000,133000000,-554000000,586000000,314500000,-486000000,-225000000,-440000000,-17000000,-1024500000,-667000000,877500000,-303500000,303000000,1426000000,840000000,-535000000,28000000,-266000000,449500000,514000000,79737000000,4743000000,708000000,51591000000,26966000000,29701000000,13812000000,2993000000,2969000000,15373000000,2686000000,2686000000,-9799000000,26076000000,25661000000,6403000000,18412000000,8428000000,17160000000,9508000000,5103000000,54076000000,17160000000,5975000000,36218000000,7153000000,3091000000
2019-06-21,48.36,-2.79,-5.454545%,50.06,48.31,50.57,"29,912,508","1,468,687,334.164700",2019-03-31,13582000000,11923000000,10707000000,2875000000,1945000000,541000000,361000000,858000000,589000000,701000000,1659000000,247000000,133000000,-554000000,586000000,314500000,-486000000,-225000000,-440000000,-17000000,-1024500000,-667000000,877500000,-303500000,303000000,1426000000,840000000,-535000000,28000000,-266000000,449500000,514000000,79737000000,4743000000,708000000,51591000000,26966000000,29701000000,13812000000,2993000000,2969000000,15373000000,2686000000,2686000000,-9799000000,26076000000,25661000000,6403000000,18412000000,8428000000,17160000000,9508000000,5103000000,54076000000,17160000000,5975000000,36218000000,7153000000,3091000000
2019-06-14,51.15,-0.15,-0.292398%,51.72,51.0,52.95,"21,781,872","1,132,479,486.106600",2019-03-31,13582000000,11923000000,10707000000,2875000000,1945000000,541000000,361000000,858000000,589000000,701000000,1659000000,247000000,133000000,-554000000,586000000,314500000,-486000000,-225000000,-440000000,-17000000,-1024500000,-667000000,877500000,-303500000,303000000,1426000000,840000000,-535000000,28000000,-266000000,449500000,514000000,79737000000,4743000000,708000000,51591000000,26966000000,29701000000,13812000000,2993000000,2969000000,15373000000,2686000000,2686000000,-9799000000,26076000000,25661000000,6403000000,18412000000,8428000000,17160000000,9508000000,5103000000,54076000000,17160000000,5975000000,36218000000,7153000000,3091000000
2019-06-07,51.3,4.54,+9.709153%,46.85,46.85,51.69,"30,980,973","1,543,113,056.114700",2019-03-31,13582000000,11923000000,10707000000,2875000000,1945000000,541000000,361000000,858000000,589000000,701000000,1659000000,247000000,133000000,-554000000,586000000,314500000,-486000000,-225000000,-440000000,-17000000,-1024500000,-667000000,877500000,-303500000,303000000,1426000000,840000000,-535000000,28000000,-266000000,449500000,514000000,79737000000,4743000000,708000000,51591000000,26966000000,29701000000,13812000000,2993000000,2969000000,15373000000,2686000000,2686000000,-9799000000,26076000000,25661000000,6403000000,18412000000,8428000000,17160000000,9508000000,5103000000,54076000000,17160000000,5975000000,36218000000,7153000000,3091000000
2019-05-31,46.76,-2.44,-4.959350%,49.37,46.75,49.43,"17,313,497","835,708,478.111200",2019-03-31,13582000000,11923000000,10707000000,2875000000,1945000000,541000000,361000000,858000000,589000000,701000000,1659000000,247000000,133000000,-554000000,586000000,314500000,-486000000,-225000000,-440000000,-17000000,-1024500000,-667000000,877500000,-303500000,303000000,1426000000,840000000,-535000000,28000000,-266000000,449500000,514000000,79737000000,4743000000,708000000,51591000000,26966000000,29701000000,13812000000,2993000000,2969000000,15373000000,2686000000,2686000000,-9799000000,26076000000,25661000000,6403000000,18412000000,8428000000,17160000000,9508000000,5103000000,54076000000,17160000000,5975000000,36218000000,7153000000,3091000000
2019-05-24,49.2,-1.6,-3.149606%,50.4,48.21,51.19,"20,994,111","1,045,115,734.300900",2019-03-31,13582000000,11923000000,10707000000,2875000000,1945000000,541000000,361000000,858000000,589000000,701000000,1659000000,247000000,133000000,-554000000,586000000,314500000,-486000000,-225000000,-440000000,-17000000,-1024500000,-667000000,877500000,-303500000,303000000,1426000000,840000000,-535000000,28000000,-266000000,449500000,514000000,79737000000,4743000000,708000000,51591000000,26966000000,29701000000,13812000000,2993000000,2969000000,15373000000,2686000000,2686000000,-9799000000,26076000000,25661000000,6403000000,18412000000,8428000000,17160000000,9508000000,5103000000,54076000000,17160000000,5975000000,36218000000,7153000000,3091000000
2019-05-17,50.8,-2.27,-4.277370%,52.28,50.66,53.55,"19,477,002","1,014,966,648.590800",2019-03-31,13582000000,11923000000,10707000000,2875000000,1945000000,541000000,361000000,858000000,589000000,701000000,1659000000,247000000,133000000,-554000000,586000000,314500000,-486000000,-225000000,-440000000,-17000000,-1024500000,-667000000,877500000,-303500000,303000000,1426000000,840000000,-535000000,28000000,-266000000,449500000,514000000,79737000000,4743000000,708000000,51591000000,26966000000,29701000000,13812000000,2993000000,2969000000,15373000000,2686000000,2686000000,-9799000000,26076000000,25661000000,6403000000,18412000000,8428000000,17160000000,9508000000,5103000000,54076000000,17160000000,5975000000,36218000000,7153000000,3091000000
2019-05-10,53.07,-0.23,-0.431520%,52.15,51.55,54.03,"28,149,100","1,488,864,503.057000",2019-03-31,13582000000,11923000000,10707000000,2875000000,1945000000,541000000,361000000,858000000,589000000,701000000,1659000000,247000000,133000000,-554000000,586000000,314500000,-486000000,-225000000,-440000000,-17000000,-1024500000,-667000000,877500000,-303500000,303000000,1426000000,840000000,-535000000,28000000,-266000000,449500000,514000000,79737000000,4743000000,708000000,51591000000,26966000000,29701000000,13812000000,2993000000,2969000000,15373000000,2686000000,2686000000,-9799000000,26076000000,25661000000,6403000000,18412000000,8428000000,17160000000,9508000000,5103000000,54076000000,17160000000,5975000000,36218000000,7153000000,3091000000
2019-05-03,53.3,-1.95,-3.529412%,55.05,51.72,57.48,"41,368,295","2,262,112,993.761700",2019-03-31,13582000000,11923000000,10707000000,2875000000,1945000000,541000000,361000000,858000000,589000000,701000000,1659000000,247000000,133000000,-554000000,586000000,314500000,-486000000,-225000000,-440000000,-17000000,-1024500000,-667000000,877500000,-303500000,303000000,1426000000,840000000,-535000000,28000000,-266000000,449500000,514000000,79737000000,4743000000,708000000,51591000000,26966000000,29701000000,13812000000,2993000000,2969000000,15373000000,2686000000,2686000000,-9799000000,26076000000,25661000000,6403000000,18412000000,8428000000,17160000000,9508000000,5103000000,54076000000,17160000000,5975000000,36218000000,7153000000,3091000000
2019-04-26,55.25,-2.52,-4.362126%,57.48,54.82,58.41,"25,790,559","1,458,358,347.367900",2019-03-31,13582000000,11923000000,10707000000,2875000000,1945000000,541000000,361000000,858000000,589000000,701000000,1659000000,247000000,133000000,-554000000,586000000,314500000,-486000000,-225000000,-440000000,-17000000,-1024500000,-667000000,877500000,-303500000,303000000,1426000000,840000000,-535000000,28000000,-266000000,449500000,514000000,79737000000,4743000000,708000000,51591000000,26966000000,29701000000,13812000000,2993000000,2969000000,15373000000,2686000000,2686000000,-9799000000,26076000000,25661000000,6403000000,18412000000,8428000000,17160000000,9508000000,5103000000,54076000000,17160000000,5975000000,36218000000,7153000000,3091000000
2019-04-19,57.77,-0.53,-0.909091%,58.57,57.29,59.05,"24,008,354","1,398,885,102.138800",2019-03-31,13582000000,11923000000,10707000000,2875000000,1945000000,541000000,361000000,858000000,589000000,701000000,1659000000,247000000,133000000,-554000000,586000000,314500000,-486000000,-225000000,-440000000,-17000000,-1024500000,-667000000,877500000,-303500000,303000000,1426000000,840000000,-535000000,28000000,-266000000,449500000,514000000,79737000000,4743000000,708000000,51591000000,26966000000,29701000000,13812000000,2993000000,2969000000,15373000000,2686000000,2686000000,-9799000000,26076000000,25661000000,6403000000,18412000000,8428000000,17160000000,9508000000,5103000000,54076000000,17160000000,5975000000,36218000000,7153000000,3091000000
2019-04-12,58.3,1.06,+1.851852%,56.5,54.83,58.39,"45,654,107","2,583,650,336.900300",2019-03-31,13582000000,11923000000,10707000000,2875000000,1945000000,541000000,361000000,858000000,589000000,701000000,1659000000,247000000,133000000,-554000000,586000000,314500000,-486000000,-225000000,-440000000,-17000000,-1024500000,-667000000,877500000,-303500000,303000000,1426000000,840000000,-535000000,28000000,-266000000,449500000,514000000,79737000000,4743000000,708000000,51591000000,26966000000,29701000000,13812000000,2993000000,2969000000,15373000000,2686000000,2686000000,-9799000000,26076000000,25661000000,6403000000,18412000000,8428000000,17160000000,9508000000,5103000000,54076000000,17160000000,5975000000,36218000000,7153000000,3091000000
2019-04-05,57.24,5.61,+10.865776%,52.3,51.25,60.52,"82,456,420","3,588,792,196.740200",2019-03-31,13582000000,11923000000,10707000000,2875000000,1945000000,541000000,361000000,858000000,589000000,701000000,1659000000,247000000,133000000,-554000000,586000000,314500000,-486000000,-225000000,-440000000,-17000000,-1024500000,-667000000,877500000,-303500000,303000000,1426000000,840000000,-535000000,28000000,-266000000,449500000,514000000,79737000000,4743000000,708000000,51591000000,26966000000,29701000000,13812000000,2993000000,2969000000,15373000000,2686000000,2686000000,-9799000000,26076000000,25661000000,6403000000,18412000000,8428000000,17160000000,9508000000,5103000000,54076000000,17160000000,5975000000,36218000000,7153000000,3091000000
2019-03-29,51.63,3.03,+6.234568%,48.6,48.0,52.48,"5,088,679","253,814,690.080500",2018-12-31,11957000000,10868000000,10113000000,1844000000,1089000000,494000000,199000000,256000000,1138000000,435000000,966500000,-239000000,62000000,-509000000,123000000,314500000,-97000000,-498000000,-862000000,181000000,-798000000,-1519000000,-71000000,-303500000,-684000000,1697000000,827000000,-656000000,6000000,307000000,-155000000,946000000,77378000000,4913000000,852000000,49409000000,26831000000,29808000000,13848000000,2514000000,2669000000,13755000000,645000000,338000000,-10019000000,23662000000,25263000000,6865000000,8070000000,12382000000,19317000000,9260000000,13110000000,52115000000,19254000000,16400000000,35654000000,7042000000,2769000000
2019-03-22,48.6,0.0,0,52.75,48.16,53.5,"4,960,199","246,389,464.423200",2018-12-31,11957000000,10868000000,10113000000,1844000000,1089000000,494000000,199000000,256000000,1138000000,435000000,966500000,-239000000,62000000,-509000000,123000000,314500000,-97000000,-498000000,-862000000,181000000,-798000000,-1519000000,-71000000,-303500000,-684000000,1697000000,827000000,-656000000,6000000,307000000,-155000000,946000000,77378000000,4913000000,852000000,49409000000,26831000000,29808000000,13848000000,2514000000,2669000000,13755000000,645000000,338000000,-10019000000,23662000000,25263000000,6865000000,8070000000,12382000000,19317000000,9260000000,13110000000,52115000000,19254000000,16400000000,35654000000,7042000000,2769000000
